id_viaje,id_cliente,id_vendedor,ingreso_bruto,unidades_vendidas
5001,3,2,10138.81,36
5001,14,6,4403.34,50
5002,49,3,7221.5,27
5002,5,6,2928.04,20
5002,42,3,11453.37,43
5002,34,3,2089.62,16
5003,16,4,5710.52,7
5004,5,6,3078.73,24
5004,27,5,4902.07,46
5004,50,3,13461.1,46
5004,1,1,14162.05,19
5005,2,7,13955.73,6
5005,14,9,14584.47,30
5005,19,1,8340.47,26
5006,25,2,10902.35,13
5006,22,9,4289.79,39
5007,38,7,7180.46,21
5007,12,5,2237.44,39
5007,48,3,5667.02,41
5008,39,5,9200.16,41
5008,20,6,6576.14,27
5008,22,8,13627.75,19
5008,14,2,9325.5,24
5009,37,3,10471.83,34
5009,19,9,4433.18,43
5009,26,4,12272.29,20
5010,9,5,5555.32,28
5010,7,9,2931.99,7
5010,25,3,2466.94,37
5011,22,2,7982.21,22
5012,7,10,9323.29,24
5012,30,9,7019.51,27
5013,9,6,7376.96,33
5013,37,2,7789.76,1
5013,8,3,3820.27,47
5014,39,10,8619.46,34
5015,38,7,6983.83,6
5015,46,6,14773.08,10
5015,24,7,13400.56,16
5015,23,2,9501.56,28
5016,3,7,11535.31,29
5016,42,6,8067.23,24
5017,2,6,3286.75,11
5018,34,8,2354.79,42
5018,44,1,5897.8,25
5018,45,7,9318.28,1
5019,19,6,11509.49,6
5019,21,4,12331.0,25
5020,13,10,10710.7,9
5020,32,1,6878.45,1
5021,31,10,12464.34,11
5021,32,2,10166.31,19
5022,39,1,5967.05,16
5022,42,6,7517.79,5
5023,36,1,4969.59,27
5023,15,2,9550.25,1
5023,35,4,8977.0,15
5023,40,7,6801.53,3
5024,41,5,2424.39,2
5024,33,6,10700.44,27
5024,50,5,8492.89,16
5024,5,4,11751.12,46
5025,29,7,5785.91,6
5026,7,1,13750.3,42
5026,40,3,9065.42,27
5027,18,3,7820.57,15
5027,14,1,7998.29,44
5028,25,3,2626.53,24
5029,30,9,10246.26,38
5029,18,3,14739.33,36
5030,20,8,10302.23,45
5030,12,9,6294.69,6
5030,50,9,10769.01,38
5031,6,6,6241.96,50
5031,40,9,11979.77,13
5031,12,1,8381.1,43
5031,32,7,8222.15,35
5032,46,5,10479.72,36
5033,16,4,5532.05,5
5033,6,7,9331.28,42
5033,50,7,10622.78,10
5033,11,7,12915.74,28
5034,43,1,8384.01,32
5035,38,10,10586.56,4
5035,1,2,3543.83,20
5035,8,7,10470.34,44
5035,16,4,9020.99,47
5036,6,8,5453.0,4
5036,40,3,10089.24,3
5036,32,6,3651.77,47
5037,34,1,7439.01,29
5037,24,4,10271.13,44
5037,20,3,4287.34,24
5038,17,10,12440.98,20
5039,46,10,6026.22,17
5040,12,1,5971.78,15
5040,48,7,7705.88,22
5041,37,5,5157.26,3
5042,7,10,2273.23,14
5042,1,9,11147.11,38
5043,33,2,5009.39,19
5043,20,5,4120.72,15
5043,2,2,3453.13,8
5043,22,7,12522.33,42
5044,10,6,9357.11,20
5044,14,5,4534.43,22
5045,7,1,8066.26,26
5045,29,6,13668.77,16
5045,21,10,3106.81,14
5046,40,10,7528.0,4
5046,14,5,9866.64,30
5046,40,8,5840.55,15
5046,30,10,7883.27,47
5047,25,1,3459.29,10
5047,28,5,14425.12,26
5047,18,8,14131.11,10
5047,13,5,2275.66,11
5048,41,1,14928.12,40
5048,37,5,14743.48,42
5048,21,8,6707.38,26
5049,39,6,9108.74,14
5050,35,8,10229.4,5
5050,40,2,14240.62,43
5050,16,9,11979.85,5
5051,36,8,6237.49,41
5051,36,2,12283.33,47
5051,46,8,10551.67,48
5051,33,10,13238.73,30
5052,15,8,2259.1,5
5052,36,5,14314.51,29
5053,34,10,8609.28,7
5053,28,10,6232.05,33
5054,32,10,7776.63,30
5054,38,2,12846.58,7
5055,22,2,11231.5,29
5055,39,3,7221.57,2
5055,27,4,2763.64,9
5055,50,1,6274.06,48
5056,40,8,3422.04,7
5057,38,9,8429.38,32
5057,9,7,7132.63,46
5058,9,10,12989.9,14
5059,10,2,3786.49,7
5059,49,4,3530.21,22
5059,27,5,6245.53,15
5059,2,10,12388.97,35
5060,25,2,4376.09,27
5061,37,3,10880.89,3
5061,24,10,8150.86,12
5061,12,2,10391.94,17
5062,27,1,8138.12,4
5062,29,3,12723.85,48
5063,34,7,3409.06,21
5063,30,10,12129.53,11
5063,19,10,10973.55,17
5063,26,6,7200.78,31
5064,31,8,14663.03,2
5065,22,3,12518.73,29
5065,30,1,2427.78,16
5065,7,3,8472.19,48
5065,9,4,14691.3,13
5066,35,4,9148.79,6
5066,14,9,13811.66,8
5067,29,7,6741.82,13
5067,46,10,7896.47,23
5067,43,5,13340.1,44
5068,10,8,2088.93,29
5068,14,4,4608.01,21
5068,29,3,5666.38,47
5068,8,6,3283.0,13
5069,15,7,12781.78,21
5069,4,7,6753.33,15
5069,7,1,13144.6,37
5070,45,10,7560.5,5
5070,6,5,13853.15,34
5071,47,8,10205.9,37
5072,4,4,9437.3,14
5072,36,9,12921.83,40
5072,36,5,12352.81,15
5073,37,10,3464.25,40
5073,34,4,9074.39,1
5073,6,2,2851.5,42
5074,29,10,13530.91,41
5074,38,2,10721.37,31
5075,41,6,5580.2,25
5075,28,7,2486.79,16
5076,24,5,11870.19,14
5076,11,4,10932.96,45
5076,11,5,6055.2,26
5077,24,6,14088.58,44
5077,42,7,8590.01,25
5078,9,6,12272.9,27
5079,49,9,6096.28,32
5079,39,2,13713.94,19
5079,15,5,5101.2,18
5079,7,1,8224.98,34
5080,33,4,13029.85,50
5080,24,2,14357.49,19
5080,2,7,5745.4,35
5081,5,7,10163.05,8
5081,48,5,13997.98,18
5081,48,7,2050.26,18
5082,25,10,8261.23,1
5082,33,9,3291.12,35
5083,48,4,8412.11,49
5084,29,10,7886.0,1
5084,13,1,9118.02,5
5085,31,3,6986.95,26
5086,36,5,7832.94,47
5086,30,7,8829.4,11
5086,4,8,5760.49,22
5087,44,4,4402.41,32
5088,11,5,12903.72,46
5088,31,10,6299.34,38
5088,1,10,8361.28,17
5088,15,2,5264.64,36
5089,4,7,8587.04,38
5089,7,2,8108.52,30
5089,14,8,4742.6,39
5090,16,7,7002.38,14
5091,27,3,2453.05,9
5091,38,9,5687.39,16
5091,15,1,9408.14,48
5091,3,10,9371.12,33
5092,43,5,6506.45,2
5093,29,1,8638.19,6
5093,47,6,14190.64,1
5093,34,1,3993.99,33
5094,18,9,8839.17,1
5094,33,9,12656.16,8
5095,11,3,12991.91,50
5096,48,3,13118.01,44
5096,16,5,12698.77,25
5097,19,7,11584.35,47
5098,29,6,2805.07,4
5098,12,1,13263.9,33
5099,38,5,8130.02,18
5100,48,6,3017.81,33
5100,44,10,9949.96,1
5100,22,3,4572.98,15
5101,21,1,13264.73,3
5101,39,9,14245.52,48
5102,1,2,10632.21,45
5102,4,4,4185.95,18
5102,29,2,14579.31,43
5102,47,8,12559.37,46
5103,10,7,9302.45,35
5103,10,2,6404.23,9
5104,2,2,8109.24,5
5104,16,5,13340.26,10
5104,22,7,6533.35,2
5105,26,6,6424.84,2
5105,1,7,10704.59,5
5106,15,9,6039.87,30
5106,23,6,8068.54,3
5106,34,5,12097.25,39
5106,5,3,5834.56,5
5107,32,6,10771.81,30
5108,40,2,8883.3,15
5108,45,3,13296.84,46
5109,14,2,7696.82,33
5109,3,6,14801.93,31
5110,43,4,8705.89,10
5110,24,9,4079.75,19
5110,41,1,10695.16,22
5111,30,2,10597.15,16
5112,33,5,12990.86,19
5112,37,5,9593.26,14
5112,46,2,11432.6,25
5112,23,2,10041.76,49
5113,23,8,6561.48,30
5113,48,9,5377.75,4
5114,25,10,5369.44,23
5115,31,4,9060.31,29
5115,46,2,10258.45,22
5115,10,4,6002.21,14
5116,27,9,5211.18,35
5116,4,3,2754.57,41
5117,49,1,9851.78,21
5118,33,9,2933.49,40
5118,31,1,4631.9,21
5118,43,8,6656.04,2
5119,39,8,8869.48,49
5120,41,9,10117.96,36
5120,44,10,5437.99,28
5120,42,5,6693.48,40
5120,23,8,13515.18,42
5121,20,1,7755.19,9
5121,44,4,5241.74,17
5121,50,10,12730.32,2
5122,45,7,7241.5,18
5123,4,2,10207.23,19
5123,13,5,14972.19,14
5123,20,2,2670.71,30
5123,22,6,2241.05,36
5124,50,2,10520.32,28
5124,29,8,14799.42,20
5124,37,2,11558.13,35
5125,1,3,13551.86,31
5125,47,2,13759.19,28
5126,39,8,5294.37,33
5126,7,7,6705.37,44
5126,50,7,5233.36,3
5127,4,2,4621.72,27
5127,39,5,12028.49,23
5127,50,5,7383.12,26
5127,17,9,10229.63,41
5128,32,4,6143.64,4
5128,50,7,4514.72,22
5129,32,3,8608.75,24
5130,43,4,6886.11,24
5130,6,6,8568.59,12
5131,24,10,4056.21,31
5131,12,5,8564.37,28
5132,23,10,11854.15,35
5132,40,9,10104.7,43
5132,37,2,5723.8,27
5132,46,1,12994.09,22
5133,24,3,14098.12,36
5133,9,8,6015.35,48
5133,15,3,7648.78,27
5133,39,5,5811.63,36
5134,45,7,11511.27,32
5134,39,4,10698.61,17
5134,44,10,8627.47,7
5135,43,6,11128.25,10
5135,26,5,12814.0,32
5135,40,7,11084.05,23
5135,36,9,2426.03,24
5136,3,7,10364.99,15
5136,18,7,14277.48,10
5136,5,7,2644.43,26
5137,7,5,11020.0,43
5137,50,3,14118.36,3
5137,19,10,14136.12,36
5137,2,10,4912.96,11
5138,45,1,13987.86,42
5138,14,9,6760.31,5
5139,21,7,9328.61,26
5139,37,4,8112.95,38
5139,40,1,14116.68,15
5139,41,5,8482.64,41
5140,38,8,10473.67,37
5140,10,9,3798.86,27
5141,47,5,7884.49,33
5141,49,7,7663.51,8
5141,29,7,3177.34,19
5142,33,10,2521.33,40
5142,14,10,2875.02,45
5142,40,8,14992.64,4
5143,16,6,10478.76,27
5143,46,8,6803.01,8
5144,32,6,14590.79,13
5145,38,10,12412.7,25
5146,14,1,7977.59,15
5146,49,6,8353.95,1
5147,34,5,3115.64,44
5147,28,9,13039.11,19
5148,34,5,10782.5,31
5149,26,5,12463.67,35
5150,17,8,14836.66,43
5150,45,6,7598.71,10
5150,13,10,8723.49,31
5151,35,9,11777.0,38
5151,40,7,8641.06,5
5151,45,9,7965.26,4
5151,22,4,7513.47,40
5152,3,1,10791.43,31
5152,10,9,3984.54,49
5152,5,10,5609.91,4
5153,4,4,3916.38,23
5153,13,5,14620.69,32
5153,48,10,4866.42,34
5154,28,2,5102.78,8
5154,19,2,4887.42,46
5154,19,1,3788.16,24
5155,45,7,11882.7,6
5156,29,10,6906.94,15
5156,9,10,2249.79,46
5156,25,5,5807.17,21
5156,37,3,7243.84,47
5157,45,5,6534.79,47
5157,44,4,9488.33,35
5158,36,2,3740.69,17
5158,28,7,13824.15,10
5159,3,6,4436.9,22
5160,44,7,8925.7,36
5160,23,9,4214.68,19
5160,13,10,14499.57,6
5160,22,10,11010.03,28
5161,13,6,5204.97,31
5162,44,1,10490.7,25
5162,18,3,6373.76,46
5162,46,2,4817.86,3
5163,24,6,11892.48,33
5163,50,8,10582.82,23
5164,29,5,14324.94,49
5164,40,3,13190.8,16
5164,22,3,13274.69,20
5165,15,7,4714.65,22
5165,45,2,2437.48,27
5165,1,6,14096.44,13
5166,45,6,7799.6,23
5166,38,2,7970.85,22
5166,25,8,3116.76,23
5167,27,5,13484.22,20
5168,48,6,13507.18,48
5168,19,5,6530.28,1
5169,7,5,4199.5,47
5169,49,2,14517.76,23
5169,41,7,2175.51,4
5170,19,10,4017.2,21
5170,33,6,8116.18,16
5171,15,3,14672.48,9
5171,41,10,2595.15,1
5171,17,6,11873.2,1
5172,32,6,9638.58,48
5172,14,2,10851.13,6
5173,47,8,3221.72,41
5173,8,3,10236.58,30
5173,17,4,4598.41,22
5174,34,5,13576.63,41
5174,33,9,7294.59,6
5174,50,5,8242.38,48
5175,18,2,8940.93,13
5175,14,10,13242.86,13
5175,17,6,5417.62,16
5175,43,4,9472.33,43
5176,25,7,5570.08,7
5176,36,4,12689.83,32
5177,47,4,6480.04,50
5178,50,5,8323.53,4
5179,5,5,14496.87,2
5179,1,5,11048.8,44
5179,5,3,4025.99,33
5179,5,7,9879.08,2
5180,21,8,11406.59,37
5180,18,7,6587.9,45
5180,11,5,10632.39,19
5180,46,10,8439.6,25
5181,27,10,11496.98,9
5181,19,7,9703.01,33
5182,4,8,13543.76,26
5182,46,1,2801.23,9
5182,35,8,10013.09,49
5182,42,3,12126.11,13
5183,5,7,12183.97,26
5183,42,1,9543.21,37
5183,35,5,6767.11,47
5183,1,3,3472.15,12
5184,6,6,13689.88,29
5185,32,5,11452.14,7
5185,6,4,2279.73,27
5185,29,3,7252.59,19
5186,9,1,10624.38,4
5186,41,6,6074.17,1
5186,25,7,5193.07,36
5187,25,9,5088.3,26
5187,19,3,9510.21,27
5188,45,9,10347.9,37
5188,35,9,10955.09,46
5188,50,8,6228.59,48
5189,47,7,8449.69,49
5189,4,9,4400.77,38
5190,23,6,3064.74,38
5190,22,4,9487.2,41
5190,39,1,14598.49,47
5190,45,9,11423.31,35
5191,47,2,5403.99,36
5191,18,8,14638.77,5
5191,18,6,8160.35,5
5192,12,10,6041.18,6
5192,16,7,3689.54,7
5193,6,5,4030.39,4
5193,1,8,9046.47,1
5193,48,9,10032.93,29
5193,34,1,7173.28,9
5194,9,7,6519.72,45
5194,26,8,14298.5,50
5194,6,10,11721.54,26
5195,17,6,5913.38,41
5196,3,3,13167.81,13
5196,22,1,13544.63,2
5196,49,3,2387.58,1
5196,39,7,6563.45,35
5197,15,3,6060.48,27
5198,15,7,8916.81,40
5199,33,3,9252.41,48
5200,7,1,6526.91,8
5200,21,2,8202.09,11
5201,10,9,12805.99,36
5201,21,8,3564.07,17
5201,31,9,9823.35,38
5202,7,10,9106.08,2
5202,42,2,13638.51,5
5203,15,8,5146.66,24
5203,31,5,4616.27,28
5203,33,5,12952.05,24
5204,22,9,7243.68,41
5204,43,9,2630.02,34
5204,33,4,10902.26,47
5205,39,9,13589.69,29
5205,21,10,5200.44,8
5206,38,4,14644.4,40
5207,25,8,14676.73,11
5207,24,4,8828.67,39
5207,32,7,2019.36,49
5208,40,5,14577.97,41
5208,21,1,7753.79,26
5209,11,7,12520.03,11
5209,9,4,7374.86,30
5209,10,4,4337.92,30
5210,6,1,9709.96,22
5211,29,6,9264.63,37
5211,28,3,7701.18,12
5211,40,6,4334.16,15
5211,41,5,9270.2,44
5212,24,4,4022.83,32
5213,31,10,3436.23,9
5213,16,10,5098.96,19
5213,44,2,4931.1,49
5214,25,8,3645.68,37
5214,9,3,11228.97,25
5215,14,9,11659.59,16
5216,3,5,9270.72,24
5216,11,9,2371.47,18
5216,39,1,2274.01,34
5217,27,10,7957.75,21
5218,10,9,14343.41,34
5219,22,5,10130.39,14
5219,14,5,9662.28,21
5219,2,7,5725.89,17
5219,6,8,11613.45,50
5220,49,9,13161.02,38
5220,42,7,4088.83,19
5220,47,6,7127.92,7
5221,34,3,7768.87,28
5222,30,8,5719.5,26
5222,26,9,10946.35,19
5223,21,8,14153.55,49
5223,29,4,9812.44,4
5223,48,8,7672.93,22
5223,36,3,9308.47,26
5224,24,3,4385.68,36
5224,31,2,7458.93,1
5224,26,7,9402.91,40
5225,12,5,11618.12,35
5225,25,10,5912.11,9
5225,48,5,7575.29,7
5225,47,3,14450.21,50
5226,44,10,14800.34,45
5226,12,9,3732.88,38
5226,11,3,6976.34,40
5226,15,3,4051.36,25
5227,49,5,2287.64,21
5227,22,7,14626.34,21
5227,41,1,10038.72,31
5227,28,3,3529.2,41
5228,13,8,9371.83,15
5229,4,9,11359.75,20
5229,33,1,11758.11,31
5230,44,7,5970.24,35
5230,39,7,9940.96,27
5231,35,7,4499.63,11
5231,43,9,7826.52,5
5231,21,3,2013.49,27
5232,6,6,5301.16,42
5232,46,7,7712.04,40
5232,18,10,13450.84,31
5232,15,4,2906.78,5
5233,47,5,3634.08,41
5233,1,9,6000.82,13
5233,5,1,3206.85,35
5234,20,9,2859.41,27
5235,44,5,10797.05,44
5235,26,4,14973.81,4
5235,6,9,5801.31,30
5236,46,9,10562.03,2
5236,16,6,10888.45,27
5236,2,1,14104.67,29
5236,41,6,2508.85,9
5237,9,9,13670.1,44
5237,25,4,6246.16,16
5237,41,6,10275.56,2
5237,1,5,5307.09,3
5238,4,9,6619.96,31
5238,4,4,5782.99,26
5238,20,10,12688.89,22
5238,3,1,8959.71,26
5239,32,2,14533.41,46
5239,8,2,12164.0,39
5240,33,9,2691.71,38
5240,24,1,14275.02,46
5240,34,8,5101.55,1
5240,41,4,6320.65,21
5241,42,10,3694.72,5
5241,16,4,4802.94,35
5241,41,4,14961.05,17
5241,20,10,8734.92,39
5242,14,6,10739.77,15
5242,31,4,8347.6,18
5242,15,9,4189.12,1
5242,34,8,13669.29,9
5243,25,9,12954.82,19
5243,34,9,13516.11,29
5243,21,3,8643.66,30
5243,10,10,11222.26,48
5244,9,7,5018.12,39
5244,49,1,8085.25,6
5244,25,9,6819.16,44
5245,32,5,12240.45,23
5245,40,2,6523.54,1
5245,31,6,13705.28,9
5245,13,7,13272.25,40
5246,12,3,9749.38,34
5246,20,1,7504.14,29
5247,11,7,11106.98,39
5248,9,5,7762.29,34
5248,42,1,14147.98,44
5248,13,6,9696.37,39
5249,40,4,8031.57,14
5249,22,3,11261.68,4
5249,23,10,13626.98,46
5249,42,9,8088.16,21
5250,25,2,5140.07,22
5250,17,8,4960.16,6
5251,24,8,8119.98,2
5251,32,7,2576.97,15
5252,18,4,10392.91,36
5252,28,3,4028.5,39
5252,39,10,3855.37,11
5252,6,8,13525.07,39
5253,28,6,3750.94,11
5253,25,5,12348.51,18
5253,14,7,14432.89,2
5253,50,8,9165.28,4
5254,44,7,14978.96,22
5254,14,8,14270.27,25
5254,49,1,13821.02,37
5255,23,2,5971.33,45
5255,17,7,11521.11,7
5255,22,1,5693.75,25
5255,30,1,6595.89,24
5256,30,3,14949.24,29
5256,20,4,9396.39,47
5257,50,2,11363.18,17
5257,24,1,14549.76,45
5258,49,9,4066.53,12
5259,3,5,8427.68,39
5259,17,7,4482.76,24
5260,9,8,2929.79,23
5261,7,3,12918.19,49
5262,16,2,10098.58,21
5263,8,9,10774.69,45
5264,5,9,3981.97,38
5265,9,10,4055.9,8
5265,6,10,12671.2,33
5265,41,4,13596.13,38
5265,4,1,2183.29,25
5266,39,2,9914.88,9
5266,5,3,4684.7,1
5267,6,2,8455.11,28
5267,20,6,5156.98,33
5267,2,2,2955.48,12
5267,6,7,8491.81,21
5268,15,6,9594.57,50
5268,25,7,8400.8,46
5269,12,10,8524.36,50
5269,30,10,8770.02,29
5269,16,5,4669.02,28
5269,5,1,3482.11,27
5270,48,6,2938.22,8
5270,32,9,3192.34,15
5270,17,7,11131.9,25
5271,44,5,13806.1,10
5272,23,6,10686.49,24
5272,14,10,5014.19,50
5272,15,3,12026.3,47
5272,46,4,14736.41,38
5273,13,9,2361.74,32
5273,5,3,3712.36,37
5273,20,4,14086.53,24
5273,38,10,13827.5,6
5274,25,4,12098.21,45
5274,1,10,13620.29,38
5274,15,6,6567.42,19
5275,27,6,13359.52,17
5275,46,6,11087.91,18
5276,16,6,8057.28,15
5277,45,7,12785.53,13
5277,20,10,2860.15,49
5277,2,8,13567.08,42
5277,29,1,13696.12,27
5278,9,9,2217.22,34
5278,27,8,4287.9,44
5279,25,1,11433.78,3
5280,33,4,3673.97,20
5280,37,8,14509.32,34
5280,5,10,2825.78,31
5280,16,1,9267.13,11
5281,38,8,12769.35,44
5281,40,3,12600.83,23
5282,34,7,12377.24,21
5282,32,8,2964.29,36
5282,39,6,10973.92,11
5282,33,7,7849.67,37
5283,5,8,14156.63,19
5283,28,7,12429.97,41
5283,3,6,4975.35,19
5284,39,9,5779.84,14
5284,26,3,13184.48,11
5284,16,9,3105.35,31
5285,5,8,10015.82,22
5285,21,6,14239.6,19
5285,3,6,9577.89,14
5285,37,4,6668.87,49
5286,19,8,14260.06,50
5287,46,9,11130.02,48
5287,9,7,12338.28,12
5288,39,4,6561.63,21
5288,48,1,12023.05,1
5289,5,6,11501.91,11
5289,11,2,3110.14,15
5289,7,6,13665.82,19
5289,9,5,7501.99,6
5290,39,7,13364.56,35
5291,44,10,10218.83,50
5291,9,10,12300.04,5
5292,17,2,7583.61,7
5292,5,5,13030.75,18
5293,24,1,5607.82,23
5293,2,5,3593.35,12
5293,34,8,6175.43,31
5293,43,6,2600.41,46
5294,22,2,10759.03,27
5294,5,4,13107.85,23
5294,29,6,7993.93,34
5294,15,5,12460.05,21
5295,15,1,14458.57,34
5295,43,4,13954.43,17
5296,12,7,6722.44,17
5297,28,3,6578.58,11
5297,9,7,11094.46,13
5297,18,6,10474.86,48
5297,42,7,5618.23,21
5298,3,1,4481.27,25
5298,10,6,7098.35,15
5298,39,6,2416.31,5
5299,32,4,7626.27,37
5299,50,10,4109.98,33
5300,37,7,8958.57,20
5300,24,3,6053.56,39
5300,9,6,2589.52,12
5301,41,6,10809.93,27
5301,34,7,11712.8,45
5302,30,9,13618.02,37
5302,11,5,8249.38,39
5302,35,9,12003.69,36
5303,33,2,7159.18,44
5304,10,3,10783.61,18
5304,41,6,3875.39,38
5305,6,5,8176.38,2
5306,23,7,8333.68,37
5307,2,7,10285.37,40
5307,35,4,11993.22,23
5308,33,5,10234.55,29
5308,1,7,3456.85,31
5308,34,7,5488.03,50
5309,27,1,5192.03,32
5310,26,3,2415.36,49
5311,10,2,7676.75,7
5311,49,10,13609.34,23
5311,30,3,10317.21,8
5311,12,3,5178.31,19
5312,39,6,2315.16,28
5313,44,2,3936.21,32
5314,45,7,7587.84,13
5315,50,6,11988.03,36
5315,40,8,13483.12,47
5315,2,8,8764.75,45
5316,13,10,9597.18,45
5317,2,4,12911.57,20
5317,6,4,12347.85,35
5317,37,7,12297.79,21
5318,22,6,10073.14,29
5319,44,10,14903.86,44
5319,34,10,6121.89,26
5320,49,2,5549.05,15
5320,44,6,3413.09,43
5321,31,6,6471.67,29
5321,13,2,13273.4,12
5321,45,9,3293.36,13
5321,17,3,10678.89,41
5322,9,9,6245.51,47
5322,8,6,3233.29,33
5322,35,4,10497.81,19
5322,10,4,8064.2,44
5323,48,10,5883.06,11
5323,9,8,8761.95,22
5323,41,6,5667.58,39
5323,22,4,5286.3,19
5324,46,7,3895.17,38
5324,45,6,2189.53,46
5324,30,2,10985.93,17
5324,33,4,3058.86,1
5325,39,1,11575.8,20
5325,26,7,11601.33,17
5326,17,3,6351.17,31
5326,35,2,6852.12,24
5326,1,6,9322.63,24
5327,18,4,3831.65,13
5327,22,5,6753.93,48
5328,27,8,11790.1,41
5328,11,7,3498.6,3
5328,42,4,4656.75,15
5329,17,1,4365.46,41
5329,37,8,4220.85,11
5329,30,4,13746.38,22
5329,38,9,2743.18,36
5330,45,7,3827.15,41
5330,17,1,4663.56,29
5330,15,2,4694.09,2
5331,3,1,10252.58,43
5331,49,8,13994.67,32
5331,49,8,7159.21,5
5331,16,3,6576.38,31
5332,25,9,11050.09,43
5332,19,6,11454.23,45
5332,5,10,2146.43,27
5332,50,9,8511.28,10
5333,29,3,7592.14,40
5333,34,1,11042.7,2
5333,36,2,12641.69,7
5334,18,5,9163.49,50
5335,8,4,13278.18,9
5335,33,5,2301.07,15
5336,7,5,5523.49,43
5336,6,6,4139.84,15
5336,19,3,3357.32,5
5336,44,6,4001.59,1
5337,32,7,7370.2,5
5338,32,8,14584.66,12
5338,44,5,3853.1,38
5339,49,1,14453.07,22
5339,38,2,12084.93,26
5339,16,9,3696.14,35
5340,45,7,9354.25,15
5341,18,5,12643.77,6
5342,6,4,7186.48,21
5342,16,2,13720.94,32
5342,6,1,14976.87,43
5342,10,7,7397.33,38
5343,15,4,6965.21,50
5344,11,6,2594.29,9
5344,41,4,8716.43,34
5345,6,9,6951.65,26
5346,32,9,11068.41,44
5347,37,8,4668.83,37
5347,36,8,8371.57,27
5347,17,9,8646.95,2
5347,13,9,9145.37,3
5348,33,6,2503.86,12
5348,41,5,5099.53,26
5348,18,2,2652.91,17
5348,49,8,6322.37,11
5349,4,9,8582.58,31
5349,2,3,10274.48,37
5349,2,8,4887.59,37
5349,11,10,2320.48,34
5350,41,8,7904.33,36
5350,10,3,6022.65,45
5350,48,3,5318.16,2
5350,43,3,10760.96,4
5351,11,9,10582.6,29
5351,50,3,7220.64,34
5351,26,9,11336.62,8
5352,43,3,8499.42,48
5353,47,4,13293.1,25
5353,15,3,6835.27,18
5353,27,6,10073.11,44
5354,32,3,13303.42,3
5354,1,9,10786.88,41
5355,15,5,8630.93,29
5356,22,3,10651.82,31
5356,12,6,5463.98,19
5356,23,4,11784.35,11
5356,22,3,6070.97,12
5357,31,1,9047.99,47
5357,9,4,9810.01,44
5357,8,9,11472.34,44
5357,2,6,12928.67,13
5358,2,10,7845.87,10
5358,36,2,4549.67,20
5359,12,9,10038.93,31
5359,25,8,12979.11,30
5360,8,9,10735.5,50
5360,35,2,2548.55,50
5361,4,10,8638.15,2
5361,18,8,6809.33,30
5361,35,4,13858.68,36
5361,24,6,8992.46,34
5362,4,1,8778.36,28
5362,29,10,5106.59,18
5362,18,9,4174.61,41
5362,38,9,4341.0,1
5363,4,5,13302.0,29
5363,23,7,13223.24,10
5364,42,9,11786.44,46
5364,28,8,4220.23,10
5364,36,1,7739.22,31
5365,29,5,8807.84,46
5365,4,6,5230.33,38
5365,41,8,2521.81,40
5365,7,5,7737.29,42
5366,31,7,13325.56,25
5366,40,6,5570.09,47
5366,50,8,6561.36,24
5367,12,1,7893.35,40
5367,21,2,4080.54,15
5367,16,7,9641.31,17
5368,42,4,6910.77,40
5369,32,10,11638.67,15
5369,19,8,7141.8,34
5369,12,5,8089.13,49
5370,45,6,5778.7,16
5370,45,4,14148.7,39
5370,39,6,6429.8,28
5370,20,10,2269.78,21
5371,37,6,9300.91,25
5371,12,9,5654.23,7
5371,12,6,9613.04,11
5372,31,1,12595.43,21
5372,32,7,10188.64,38
5372,30,2,7644.88,27
5372,49,10,2301.4,25
5373,25,7,13679.2,47
5373,45,10,2960.76,8
5373,23,10,14664.05,45
5374,45,9,6855.03,31
5374,46,10,9698.89,48
5374,36,2,3848.68,1
5375,13,3,4359.84,11
5375,36,3,13113.49,35
5376,25,6,10736.89,35
5376,19,5,8536.11,47
5377,10,4,8565.26,6
5378,44,5,6274.9,16
5378,1,3,13442.24,50
5379,49,10,11642.0,14
5379,47,10,13992.93,47
5379,6,2,7473.7,15
5380,4,3,12524.93,32
5380,11,5,4749.22,15
5380,25,9,8722.74,9
5381,8,5,6430.65,16
5381,42,2,11466.19,22
5381,48,1,10371.43,6
5382,34,3,4058.35,23
5382,29,3,4161.38,29
5383,31,6,4926.15,7
5383,20,10,12976.05,21
5383,31,7,8104.37,35
5384,42,2,4640.14,29
5384,42,3,4563.78,3
5384,50,9,5493.69,40
5384,30,2,12458.55,32
5385,48,7,5869.46,21
5385,33,10,9880.83,38
5386,48,9,8624.64,19
5386,25,1,7048.9,40
5386,34,7,8991.82,2
5387,46,9,7765.95,2
5388,16,2,12342.64,2
5388,40,8,7628.11,19
5388,4,7,8340.25,32
5388,39,2,10205.21,21
5389,40,5,6225.37,11
5390,36,1,6334.87,25
5390,30,8,6511.19,35
5390,17,4,6968.28,38
5391,1,2,13060.45,43
5391,37,9,8934.76,49
5392,3,2,4719.86,1
5392,28,9,6341.7,9
5393,29,7,9796.27,24
5393,44,1,14059.62,32
5393,25,6,7506.52,16
5394,21,2,3175.17,49
5394,42,6,2363.05,49
5394,1,3,12308.95,39
5394,21,9,9756.53,36
5395,18,9,6979.38,3
5396,31,9,6489.55,10
5396,36,5,12026.85,38
5397,44,9,7141.82,15
5397,50,3,4013.05,3
5398,8,3,3266.15,5
5398,16,4,3886.82,4
5398,15,1,8937.79,46
5398,4,9,9425.74,13
5399,15,4,4128.27,18
5400,40,7,10163.42,34
5400,30,6,11702.12,45
5400,25,1,2008.72,8
5400,47,9,6904.41,8
5401,36,10,12331.84,3
5401,20,4,2710.85,45
5401,46,9,8688.78,28
5402,3,4,14165.14,19
5402,5,1,2111.34,6
5402,43,4,12750.2,1
5402,5,10,8639.78,22
5403,25,8,5982.42,10
5403,27,9,10370.56,50
5403,10,1,8649.57,20
5403,49,4,11790.86,25
5404,17,1,2281.79,34
5404,40,2,8179.5,32
5404,25,6,11722.82,12
5404,35,4,3014.85,18
5405,37,2,6725.5,2
5405,17,6,10171.65,48
5405,21,6,9521.68,34
5406,45,1,13275.02,18
5407,3,10,14789.04,41
5408,6,1,13653.23,14
5409,25,2,13369.79,44
5409,46,9,3205.13,27
5409,22,7,10060.04,37
5410,1,5,9039.98,47
5411,32,1,4017.8,26
5411,46,7,10321.88,38
5411,3,3,6189.1,7
5412,32,8,13940.48,20
5412,26,8,13387.56,32
5413,23,7,9585.01,21
5413,35,2,6406.7,32
5413,45,9,5819.14,37
5414,10,1,3292.93,24
5415,15,1,11727.74,3
5415,23,4,8598.45,43
5416,6,3,8511.99,33
5416,11,1,9713.38,48
5416,31,4,13578.47,7
5417,39,8,9717.47,27
5417,1,6,6816.92,9
5417,44,10,12702.21,29
5418,33,7,9007.6,37
5418,41,8,6904.27,16
5419,5,2,4311.0,46
5420,48,1,9536.54,2
5420,48,9,13724.82,39
5420,10,8,7167.21,18
5421,13,1,5960.52,16
5421,34,10,9884.4,45
5422,41,5,9132.93,23
5422,19,10,2263.77,9
5422,14,2,7891.44,24
5422,27,10,11304.43,41
5423,4,8,7224.2,13
5423,26,1,14523.55,10
5424,25,2,9799.99,10
5424,10,7,12625.26,28
5425,8,8,4932.27,38
5425,36,9,2238.59,2
5425,18,2,11420.22,5
5426,37,10,4197.07,23
5426,45,10,12566.52,34
5427,16,6,2572.44,6
5427,46,9,10708.39,47
5427,32,1,9293.76,34
5428,8,8,9224.29,13
5428,11,6,8328.32,17
5429,8,1,14700.92,2
5429,33,3,5558.6,4
5429,10,3,2177.12,28
5430,28,1,8092.46,23
5431,30,5,11035.48,19
5431,23,2,8934.08,4
5431,18,2,3098.46,1
5432,43,4,6527.06,48
5432,47,1,9267.19,23
5433,18,3,5432.06,50
5433,36,6,3973.35,19
5433,20,1,7492.66,15
5434,18,1,4245.69,8
5435,25,2,2816.47,37
5435,23,1,10829.96,14
5436,30,5,14234.26,42
5436,46,4,4573.1,11
5436,44,2,6998.55,19
5436,39,7,14474.82,26
5437,37,10,8131.41,44
5437,29,2,9238.18,22
5437,35,5,6090.99,15
5438,19,2,10962.6,34
5438,25,2,11539.27,25
5438,50,9,8022.6,40
5438,6,2,5491.32,28
5439,45,8,8203.33,13
5439,19,7,9476.24,26
5439,3,7,13961.3,20
5439,45,7,9186.41,26
5440,8,4,10047.43,39
5440,11,5,5698.35,27
5441,17,6,10055.46,20
5441,35,2,7337.61,25
5441,41,9,11569.72,22
5441,1,7,13577.59,2
5442,29,10,5210.22,43
5443,10,3,13633.9,8
5443,19,3,11943.84,28
5444,36,6,13439.82,34
5444,45,10,11846.35,23
5444,25,2,11680.95,25
5445,16,8,8661.51,2
5445,27,10,2136.8,49
5445,15,4,12615.73,32
5445,29,5,11648.16,12
5446,14,8,9648.56,30
5446,3,3,2886.79,10
5446,31,7,14546.48,23
5446,33,8,7385.81,9
5447,11,1,13005.39,50
5447,9,7,13557.56,6
5447,40,4,13511.32,11
5447,5,3,14644.02,16
5448,50,9,6463.04,20
5448,28,8,7617.37,9
5449,42,3,7448.87,16
5449,42,7,12332.45,16
5449,40,6,8931.56,7
5449,3,3,10132.77,42
5450,50,1,4512.48,3
5450,6,1,14747.91,6
5450,44,10,14301.74,32
5451,43,8,7890.9,21
5451,1,3,13631.4,35
5452,4,7,10762.85,28
5452,17,3,8334.82,31
5452,32,8,11401.51,7
5452,41,10,9681.88,26
5453,28,7,13344.87,28
5453,9,6,12420.33,48
5453,23,3,14120.35,26
5453,26,10,5090.54,34
5454,9,5,6864.03,26
5454,23,8,13080.51,1
5454,19,1,12919.64,20
5454,37,5,2349.44,20
5455,23,2,4966.99,25
5455,5,4,6960.19,17
5455,49,8,4807.45,31
5456,15,1,10684.36,28
5457,45,1,6087.12,46
5457,2,5,6689.3,26
5457,8,3,8295.13,40
5457,13,5,5582.9,48
5458,15,5,13019.93,7
5458,42,2,14061.86,41
5459,19,8,5198.06,50
5459,40,3,2834.83,49
5459,43,5,11190.83,34
5459,11,5,2670.84,30
5460,32,10,14139.96,1
5460,9,6,11672.49,5
5460,46,3,14476.05,20
5460,3,6,14209.57,23
5461,18,9,9592.72,45
5461,32,4,13224.22,23
5461,23,10,3241.34,4
5462,7,10,14715.79,12
5463,40,4,4229.91,41
5463,41,8,7660.99,10
5463,14,2,11485.93,49
5464,3,5,8100.46,32
5464,28,1,3159.59,21
5465,8,5,2672.28,41
5465,25,7,2211.9,23
5465,11,4,13770.19,21
5465,43,8,11205.19,36
5466,2,1,8635.1,40
5466,7,7,7333.72,14
5467,49,9,11912.74,14
5468,25,1,6093.54,19
5468,23,9,5969.72,29
5469,12,3,14242.7,38
5470,39,9,13207.61,20
5470,29,3,10747.13,17
5470,9,7,8126.62,48
5470,35,4,11024.1,22
5471,41,3,7124.79,15
5472,39,8,4524.61,17
5472,23,8,8538.59,18
5473,24,6,9076.15,10
5473,5,6,11310.05,3
5474,31,7,13420.46,31
5474,38,5,2268.35,19
5474,42,3,2795.54,29
5474,29,8,6285.19,41
5475,39,8,13169.37,35
5476,41,7,3735.92,39
5476,31,2,14500.49,29
5476,26,5,6193.38,39
5477,32,7,3327.58,35
5477,45,5,12851.84,34
5477,34,7,12804.33,8
5477,32,3,2807.62,22
5478,38,5,3639.81,43
5478,14,6,10470.96,34
5478,48,8,4731.99,7
5479,43,10,5380.09,22
5479,50,2,5437.57,25
5479,46,9,4369.69,23
5480,31,6,5127.21,31
5480,20,1,8505.41,17
5481,18,10,11300.03,16
5481,22,2,9588.19,45
5481,44,10,7552.93,39
5481,44,1,10773.82,26
5482,9,10,9729.41,39
5483,38,4,9623.56,8
5483,2,8,13699.79,26
5484,27,10,11437.62,26
5484,21,3,6847.21,26
5484,37,10,8357.1,44
5484,17,2,6784.21,15
5485,38,10,9933.57,49
5485,30,5,13390.35,45
5485,38,1,9514.8,48
5485,48,8,12349.7,37
5486,13,9,8504.81,6
5487,31,9,6846.1,38
5487,4,5,10972.1,27
5487,30,9,8839.51,3
5487,32,6,12592.6,20
5488,21,3,8132.88,37
5488,41,8,5243.13,15
5488,12,5,2422.73,31
5488,2,7,6148.51,13
5489,16,7,3854.32,20
5489,42,3,4715.98,5
5489,50,6,2220.35,32
5489,11,5,3096.22,47
5490,48,10,7250.75,2
5490,35,6,6410.04,45
5490,1,9,14700.38,24
5490,12,5,6784.21,42
5491,20,3,5709.65,3
5491,40,7,11087.0,49
5491,21,8,13986.3,35
5491,13,2,4925.87,38
5492,7,2,13692.07,19
5492,43,5,11581.76,25
5492,5,6,4742.66,41
5492,16,9,2501.65,36
5493,43,6,10476.44,30
5493,42,10,13996.18,12
5494,40,6,9885.56,34
5494,30,3,13793.08,28
5494,38,5,3510.59,17
5495,1,7,13101.7,47
5496,22,3,8212.06,31
5497,4,2,13333.88,6
5498,33,5,3305.9,3
5498,22,5,6020.2,11
5498,35,2,6369.93,2
5498,6,10,7001.37,9
5499,36,3,7673.22,40
5499,6,6,7919.48,2
5500,35,8,11111.23,19
5500,21,1,13919.49,23
5500,13,1,14687.7,17
5501,16,5,3361.27,48
5502,49,2,6634.07,50
5502,44,8,3873.06,28
5502,27,5,4006.86,36
5502,39,8,5713.23,50
5503,16,6,7230.96,16
5504,29,5,4942.4,2
5504,47,9,6057.97,46
5504,33,2,3084.59,24
5505,5,1,5844.15,9
5506,34,6,11588.6,38
5507,21,10,6816.26,35
5507,9,10,3658.63,20
5507,34,10,5417.16,36
5507,50,8,11484.65,34
5508,28,3,14927.85,7
5508,17,10,2170.15,7
5508,36,3,10925.08,43
5509,47,9,8041.7,30
5509,16,4,3895.56,3
5509,34,3,6084.84,14
5510,24,5,4985.44,13
5511,27,6,2748.33,6
5511,20,5,11426.3,19
5512,24,9,12538.15,21
5512,39,10,9957.85,47
5513,24,5,8839.05,30
5513,18,1,7303.89,16
5513,15,2,5392.29,4
5514,50,8,6196.85,48
5514,47,3,8123.61,41
5515,14,3,6563.76,41
5515,47,6,10354.88,13
5516,49,1,7142.52,38
5516,49,5,11937.21,22
5516,18,2,11011.91,46
5517,24,8,9026.93,50
5517,49,3,3530.64,10
5517,47,7,5367.72,33
5518,46,8,10485.48,48
5518,14,10,6862.84,40
5518,36,9,10364.67,36
5518,27,8,9403.23,6
5519,1,7,7445.92,8
5519,13,9,11621.06,36
5520,49,8,6729.09,19
5520,40,7,7791.0,23
5520,15,3,13980.55,19
5521,31,3,11412.5,45
5522,26,3,5630.79,10
5522,20,7,7150.2,29
5522,11,6,2811.74,9
5523,48,2,5137.39,7
5523,50,5,7415.81,24
5523,9,1,13451.03,19
5523,44,6,3712.62,30
5524,3,10,9600.63,48
5525,45,1,6049.92,41
5525,37,5,11724.6,40
5525,48,7,6802.09,12
5525,40,2,11577.76,36
5526,10,4,3514.56,15
5526,36,5,4168.1,18
5526,7,9,9131.52,1
5527,33,4,5874.6,48
5528,9,8,14238.6,21
5528,40,6,3287.41,40
5529,2,10,11628.36,49
5529,27,8,3646.85,17
5530,3,1,2129.66,48
5530,5,1,6728.43,24
5530,25,3,6119.28,24
5531,14,2,12105.12,33
5531,34,2,3273.76,43
5531,45,9,2565.65,45
5532,9,10,11378.8,45
5532,37,7,6715.64,21
5532,30,7,14406.87,5
5532,27,7,12968.06,47
5533,42,3,13941.54,21
5533,38,9,10458.92,22
5533,4,6,9464.78,10
5534,34,10,8785.15,17
5534,17,9,11359.25,41
5535,49,6,5075.03,12
5535,3,10,14905.05,43
5535,12,9,10337.14,34
5536,50,2,3479.02,40
5536,6,5,10637.39,19
5536,6,10,11237.66,13
5537,33,3,3645.3,24
5538,44,4,6724.2,49
5538,49,3,14804.51,19
5538,30,6,9464.19,48
5539,18,3,6392.07,25
5539,43,3,8163.74,35
5540,17,9,11282.71,45
5540,44,8,11022.89,30
5541,30,8,2528.07,10
5541,45,4,8508.05,48
5541,44,2,9778.35,49
5541,29,4,11806.69,26
5542,13,8,14795.54,6
5543,11,1,5192.36,40
5543,45,5,6163.36,26
5544,42,3,7274.67,10
5544,13,9,7558.07,35
5545,14,4,3117.62,28
5545,21,1,6195.72,38
5545,49,7,13496.59,41
5546,32,8,6108.08,50
5547,25,6,8117.37,40
5547,50,7,13385.91,19
5547,24,9,6730.55,28
5547,3,5,3045.74,46
5548,23,1,8742.43,32
5549,21,7,3683.35,23
5549,11,3,13420.31,12
5549,14,1,8032.7,44
5550,36,1,14986.07,45
5550,11,10,5009.47,30
5550,17,7,5505.01,9
5550,15,1,6254.79,2
5551,45,3,10722.7,16
5551,9,4,11581.61,29
5551,30,5,12865.84,41
5552,37,9,14008.41,3
5552,9,10,9685.5,22
5552,7,5,8483.49,27
5552,32,1,4718.33,9
5553,34,3,14655.33,17
5553,17,5,2441.23,5
5553,15,4,14344.74,8
5553,43,1,2011.66,42
5554,34,8,7844.43,46
5554,47,8,4823.98,37
5554,37,4,8264.53,20
5554,32,1,7614.7,23
5555,21,2,4558.67,1
5555,31,8,5672.03,26
5555,16,8,5105.14,26
5555,37,6,10305.31,21
5556,23,3,12203.72,24
5556,8,10,9908.91,23
5557,12,1,13283.56,24
5558,18,9,12576.7,49
5558,8,7,5631.67,16
5558,19,6,13314.92,47
5558,31,5,12213.9,14
5559,13,9,3698.21,24
5559,39,10,7627.41,27
5559,18,9,10097.0,38
5559,41,5,5432.96,45
5560,47,10,5154.79,15
5560,7,10,3085.64,26
5560,17,1,12876.56,12
5560,4,7,14826.8,22
5561,22,1,4531.89,37
5561,6,9,10741.52,42
5561,35,1,9248.95,23
5561,16,7,13391.37,10
5562,9,5,11245.26,8
5563,42,6,12105.87,11
5563,22,7,8417.55,40
5563,6,4,7180.48,5
5564,1,1,10974.54,46
5564,27,9,11140.95,13
5564,36,3,13124.54,1
5564,31,5,11782.41,21
5565,11,3,5469.51,50
5566,5,10,14433.59,9
5567,20,5,7674.07,28
5568,18,10,11878.06,17
5569,7,5,2243.63,19
5569,35,4,12077.36,45
5569,39,10,11695.94,7
5569,33,3,2028.82,8
5570,27,1,14875.22,11
5571,49,2,14363.6,41
5571,49,1,3594.65,1
5572,35,3,9382.94,19
5572,32,9,13042.65,34
5573,6,1,6833.76,15
5573,4,8,9043.17,28
5573,10,8,8644.8,13
5574,20,4,2037.69,40
5574,28,3,7995.91,22
5575,17,1,8917.26,31
5575,33,4,8340.04,17
5575,26,4,5075.02,49
5576,46,5,9953.97,17
5576,49,7,7270.05,6
5577,27,8,14829.12,33
5577,43,4,4217.26,41
5577,7,2,10093.58,50
5578,47,7,14522.4,6
5579,36,9,12930.1,32
5580,11,9,13089.23,18
5580,1,3,11838.7,19
5580,35,6,7654.64,17
5581,48,6,11823.3,7
5582,32,9,3607.26,21
5583,50,10,9262.09,5
5583,21,7,13178.97,46
5584,20,6,5698.92,9
5584,26,4,4322.39,12
5584,49,2,9706.0,34
5584,50,1,9377.19,34
5585,4,10,11497.6,6
5585,50,2,12230.63,6
5585,3,3,14263.09,20
5585,37,9,7607.65,33
5586,19,6,11327.57,4
5587,34,6,9892.31,11
5587,29,6,5426.85,2
5587,12,5,3199.78,36
5588,8,10,13198.36,34
5589,2,7,13070.92,16
5589,29,8,11494.86,3
5590,33,9,2030.83,48
5590,8,2,9227.95,49
5590,14,2,10347.05,11
5590,44,10,2842.62,6
5591,36,3,7991.92,11
5591,36,6,12126.33,12
5591,1,7,4925.67,40
5591,38,7,6910.0,34
5592,48,6,13790.41,36
5592,24,1,12373.66,24
5592,36,10,4524.25,9
5592,38,8,5025.61,48
5593,9,4,13173.13,5
5593,31,1,4110.43,23
5593,35,6,2093.22,3
5594,31,9,8457.82,29
5594,25,8,11396.87,43
5595,7,3,5985.01,30
5595,33,8,13942.22,50
5596,31,9,6355.9,44
5597,14,5,8554.15,16
5597,7,10,13924.28,38
5597,10,2,13605.46,3
5598,14,9,14462.93,36
5599,5,2,6844.58,49
5600,42,6,14160.87,28
5601,7,4,12011.75,3
5601,12,1,14415.56,4
5601,40,3,10763.39,14
5601,50,2,9454.99,22
5602,23,5,13961.64,11
5602,14,5,4085.15,26
5602,4,8,10425.93,50
5603,46,3,5299.13,12
5604,36,6,7153.49,14
5604,19,1,5335.84,48
5605,7,1,14920.58,38
5606,3,8,9561.59,2
5606,20,1,2844.15,9
5606,3,4,6106.31,5
5607,31,6,12885.37,48
5607,41,6,10446.23,46
5608,35,4,10288.86,4
5608,19,8,4137.81,26
5608,14,8,12060.05,37
5609,43,4,10028.92,3
5609,45,1,9046.35,19
5610,39,2,13198.27,48
5610,50,4,14022.71,23
5610,36,2,3860.63,24
5610,3,2,2301.45,40
5611,16,9,2101.44,43
5611,29,2,5843.36,33
5611,18,2,2227.58,46
5612,42,10,5154.59,44
5612,3,1,14605.15,23
5612,44,7,8254.98,17
5613,37,7,12406.17,15
5613,35,9,5685.7,34
5613,4,6,8552.67,11
5613,23,9,12070.49,33
5614,50,2,10390.39,30
5615,29,6,9205.44,31
5615,19,4,6236.72,37
5615,29,10,10970.01,19
5615,12,5,9665.62,1
5616,7,4,2145.69,50
5617,7,6,7692.25,35
5617,4,1,6576.56,16
5617,9,4,4132.41,40
5617,25,9,7547.53,22
5618,12,3,12486.92,46
5618,24,7,10220.24,33
5618,21,6,11870.83,37
5618,25,4,11533.69,44
5619,48,2,4912.51,50
5619,14,4,7234.12,41
5620,39,6,12993.97,45
5620,36,3,6547.91,27
5621,33,4,13444.36,33
5621,9,6,13890.3,40
5621,36,4,12747.4,25
5622,28,8,7349.83,38
5622,28,5,2423.47,40
5623,33,2,11232.01,30
5623,33,6,4712.12,8
5623,32,4,14492.96,18
5623,26,9,4773.73,9
5624,30,10,12635.24,33
5625,43,1,12812.1,7
5625,29,4,11605.42,40
5626,45,9,6932.6,22
5626,25,9,8585.17,28
5626,49,8,9785.66,26
5627,16,5,10377.92,45
5627,40,5,3556.6,6
5627,6,9,6718.39,32
5628,48,8,5981.9,37
5628,37,5,5536.37,29
5628,22,10,12295.0,24
5628,44,1,12710.41,36
5629,28,6,11724.42,39
5629,4,4,14229.82,23
5630,6,3,13977.06,2
5631,42,1,14999.17,38
5631,17,10,6129.04,9
5631,1,1,4622.02,48
5631,30,3,10523.06,25
5632,42,2,14606.04,10
5632,40,4,2641.47,29
5632,21,8,6743.88,1
5632,46,5,5782.56,47
5633,44,8,8363.24,26
5633,45,9,10930.84,16
5633,9,7,11381.43,7
5634,2,8,2294.52,9
5634,47,2,9640.38,27
5635,38,8,9816.66,49
5635,1,8,4447.17,50
5635,50,3,12100.79,16
5636,46,1,6347.65,47
5636,11,2,10603.67,42
5637,41,8,14156.98,4
5637,12,7,12844.77,37
5637,46,6,3994.94,42
5638,41,2,7276.11,36
5639,12,1,6389.01,26
5640,40,6,8512.7,5
5640,44,6,5186.92,18
5640,29,2,10086.57,30
5641,45,4,3073.65,27
5641,40,2,6179.28,39
5641,14,7,14152.61,33
5641,9,8,8314.13,23
5642,23,4,4678.94,30
5643,20,5,7863.59,23
5644,40,5,7335.76,38
5644,25,2,2503.67,2
5644,32,8,7344.86,19
5645,50,3,6245.9,38
5645,35,7,3093.51,31
5646,33,6,9636.19,28
5646,7,3,3169.01,11
5646,4,7,6504.91,25
5647,47,5,9877.8,18
5647,24,9,4493.93,12
5647,29,3,12069.61,26
5647,4,4,2203.14,31
5648,33,3,12206.47,22
5648,23,10,8861.91,14
5649,48,2,14364.11,33
5649,18,3,4254.85,8
5649,4,9,9533.84,41
5649,26,5,14156.61,20
5650,49,8,9085.44,26
5650,5,4,6883.6,36
5650,32,3,8687.64,32
5651,47,8,4295.93,42
5651,46,7,3384.81,2
5651,17,10,13194.5,29
5652,31,9,5866.63,12
5653,16,3,8020.22,25
5653,41,7,10875.96,32
5654,31,4,2576.9,11
5654,32,9,3815.43,43
5654,17,9,5471.22,32
5655,50,4,3127.37,27
5656,44,6,6663.57,1
5656,21,10,10728.07,28
5657,36,8,13371.88,13
5657,45,4,5515.04,24
5657,35,9,6999.42,16
5657,41,6,12972.36,15
5658,9,1,2102.57,4
5658,47,6,8167.73,11
5658,28,2,7105.45,37
5658,7,6,8361.44,38
5659,19,3,4295.19,13
5659,30,1,4496.63,4
5660,6,1,2707.86,23
5660,4,7,6021.7,3
5660,21,7,12440.37,15
5661,49,5,7318.3,1
5661,2,8,11462.28,14
5661,7,3,11594.02,22
5662,2,9,12322.72,33
5662,50,4,4528.18,19
5663,45,2,3443.43,50
5663,14,5,13300.42,27
5663,31,9,9704.86,21
5664,4,8,5330.94,4
5665,3,2,3527.83,48
5665,5,6,12944.38,6
5666,29,5,9736.76,4
5666,45,5,8119.77,40
5666,17,9,5663.41,16
5667,27,1,13786.76,20
5667,14,7,4640.2,43
5668,46,7,6978.08,22
5668,20,5,12187.32,43
5668,4,9,3384.29,33
5669,37,7,6530.83,24
5670,1,8,12758.89,33
5670,35,3,7390.51,10
5670,35,3,14271.89,28
5670,41,6,6342.38,39
5671,47,4,8176.92,32
5672,38,3,9391.98,50
5672,28,7,2684.84,15
5673,23,5,2065.05,32
5673,50,3,2735.6,20
5673,48,2,9340.4,31
5673,8,6,5568.49,40
5674,34,4,10709.46,46
5674,16,4,6243.44,6
5674,33,4,2924.51,27
5675,30,10,14551.59,29
5675,12,10,13809.54,36
5676,1,10,11317.56,34
5676,9,7,5419.4,45
5676,6,7,4244.04,32
5676,1,9,7889.56,26
5677,19,4,5141.98,27
5677,31,6,5312.29,3
5677,36,3,6278.54,28
5677,25,6,5543.06,12
5678,34,7,12638.1,7
5678,6,2,14183.36,15
5678,42,9,7186.32,2
5679,12,10,14725.7,14
5679,21,3,11830.63,46
5679,42,10,13695.56,9
5679,39,1,12916.62,47
5680,23,8,5216.68,37
5680,33,10,7441.89,2
5680,13,4,7557.48,6
5680,39,6,12895.74,15
5681,50,4,4257.8,43
5681,10,5,12741.35,43
5681,41,9,9826.51,14
5682,9,10,12971.27,37
5682,28,4,4507.19,38
5683,45,4,10364.75,38
5683,2,4,4149.26,45
5683,46,1,3893.19,39
5684,14,2,5906.81,4
5685,19,2,11660.51,10
5686,18,3,6169.12,27
5686,25,7,10947.28,11
5686,4,4,14534.76,20
5687,14,4,14759.3,11
5687,47,6,14626.54,49
5688,49,6,4820.63,45
5688,6,6,8742.55,44
5688,24,10,10358.79,3
5688,45,7,8690.9,21
5689,25,7,2470.97,46
5690,38,7,10729.53,36
5690,30,8,8787.34,36
5690,45,2,5457.43,18
5690,29,4,12974.68,36
5691,8,1,9072.7,16
5691,12,9,8594.95,27
5691,49,8,10998.11,45
5691,17,6,11513.29,15
5692,21,7,12716.83,33
5693,21,6,4155.37,7
5694,10,1,7072.66,7
5694,15,3,10059.14,20
5694,20,5,11639.3,15
5695,7,1,9694.92,36
5695,49,10,6254.98,29
5695,23,6,7558.26,31
5695,25,5,7403.0,33
5696,2,4,2995.12,36
5696,36,1,6114.07,10
5697,49,6,14285.46,16
5698,23,4,4891.4,41
5699,27,2,4355.79,35
5699,45,6,12637.35,38
5700,33,4,4214.07,46
5700,42,1,10982.81,28
5700,37,2,9142.55,28
5700,12,3,7646.02,33
5701,5,10,10287.37,19
5701,31,4,12212.67,19
5701,29,1,4768.12,34
5701,17,6,10854.27,20
5702,7,10,14710.39,17
5702,50,6,5312.77,33
5703,45,10,2380.04,9
5704,49,8,4856.57,42
5705,32,8,3213.35,37
5706,42,4,10044.38,25
5706,45,5,3045.08,49
5706,39,1,6418.43,8
5707,29,10,6503.39,27
5707,4,6,12611.73,34
5707,22,3,3893.89,33
5708,41,7,4890.83,39
5708,2,5,7849.49,20
5709,28,4,11314.26,36
5709,21,7,11544.58,29
5709,1,7,9424.09,35
5709,23,1,10546.54,15
5710,50,10,9388.06,28
5710,35,2,14112.93,6
5711,50,9,6073.44,42
5711,46,6,14340.69,29
5711,37,4,3613.51,45
5712,44,5,2819.16,14
5712,28,10,11724.78,5
5713,21,2,9472.29,16
5713,13,8,6913.73,35
5713,22,10,13297.82,19
5713,2,2,14987.49,47
5714,9,3,4805.29,4
5714,7,6,3872.32,25
5714,28,5,2682.25,9
5714,10,9,10168.81,5
5715,16,10,11048.25,45
5716,5,2,2099.88,38
5716,21,4,5131.56,19
5716,43,2,4304.53,19
5717,8,5,6981.84,21
5718,15,3,5114.93,3
5718,38,9,13264.67,3
5718,7,6,2920.77,18
5719,40,2,2468.25,9
5719,50,5,4926.83,36
5719,32,6,10455.56,11
5719,5,8,10552.62,34
5720,16,3,12805.32,16
5720,21,8,6096.52,34
5720,31,7,3448.85,39
5720,48,3,12697.0,8
5721,9,9,6458.23,2
5722,18,2,5998.23,5
5723,41,1,6074.9,17
5723,17,6,8039.3,27
5723,3,4,6084.7,42
5724,10,5,9499.18,3
5725,41,8,8789.0,33
5726,42,1,3962.27,4
5726,15,8,12603.89,38
5726,2,5,14008.82,37
5726,50,4,2516.81,36
5727,2,2,13304.44,21
5727,15,6,13936.91,17
5728,31,9,11294.22,31
5729,25,4,4735.29,4
5730,7,5,4616.24,42
5731,18,4,8304.31,11
5731,18,3,12034.12,34
5732,11,1,14158.91,27
5732,3,2,8691.65,34
5733,8,7,14704.11,45
5733,20,6,13199.24,19
5733,6,1,3261.32,46
5733,31,5,6820.57,49
5734,30,10,12919.86,49
5734,21,9,13644.09,44
5735,37,1,7601.12,40
5735,49,10,13936.46,2
5735,34,1,8807.6,43
5735,45,9,6751.91,3
5736,43,6,7893.44,4
5736,21,6,7717.18,23
5737,3,5,13839.91,28
5738,14,4,4048.45,41
5738,31,6,3954.18,25
5739,11,3,13741.28,31
5740,11,4,4126.88,44
5741,17,3,4748.53,46
5741,24,8,5817.45,15
5741,31,4,9834.18,34
5741,6,4,3285.97,40
5742,13,6,11513.12,35
5742,15,5,13182.67,5
5742,25,4,14644.0,6
5743,24,3,7810.44,5
5744,45,2,7193.43,30
5745,22,10,12594.32,25
5746,25,9,2157.59,37
5746,50,1,9447.97,36
5746,30,4,12681.4,19
5746,18,8,4751.1,33
5747,47,10,8050.79,27
5747,48,9,9410.26,37
5748,6,5,8187.5,16
5749,39,3,11016.33,16
5750,30,3,14666.04,37
5750,48,10,5398.53,43
5750,44,1,6137.79,22
5750,15,9,8278.63,33
5751,34,10,12934.62,18
5752,39,8,6787.25,2
5753,10,7,14326.45,33
5754,14,7,13898.24,17
5754,29,3,3099.39,43
5754,42,6,8674.93,30
5754,37,9,13078.35,22
5755,26,8,5084.38,5
5756,37,4,13394.23,15
5756,34,7,13121.12,49
5756,24,5,12497.47,27
5757,49,2,9286.93,4
5757,41,10,7912.94,32
5758,4,6,5658.89,36
5758,28,8,3060.25,42
5758,13,8,4425.3,1
5759,37,9,4910.57,21
5759,14,9,8877.77,16
5759,2,2,14912.9,45
5759,7,3,4835.82,50
5760,5,9,8470.04,24
5760,38,7,12873.8,25
5761,45,6,8848.9,41
5761,49,5,8733.59,19
5761,22,4,3817.88,41
5761,28,7,12463.81,10
5762,22,6,13385.83,20
5763,21,6,9532.31,36
5763,34,5,10405.54,36
5764,37,6,9164.64,12
5764,22,4,2487.67,12
5764,22,10,9283.57,41
5765,49,8,12272.13,28
5765,4,3,9003.81,11
5765,32,6,13859.36,3
5766,28,4,9717.48,36
5766,27,5,8199.74,6
5766,18,5,14384.63,21
5767,13,9,7339.96,1
5767,3,8,9972.35,4
5767,32,6,7144.48,44
5768,42,7,11815.06,27
5768,45,10,10765.86,43
5768,14,3,13719.8,45
5768,13,2,12901.72,15
5769,43,8,5865.24,29
5769,41,5,8248.19,15
5769,50,7,5395.11,31
5770,14,9,13076.52,31
5771,11,4,8139.6,30
5772,32,4,14711.44,41
5772,38,5,5486.09,17
5772,1,9,8023.36,33
5772,28,1,12182.31,43
5773,11,5,4348.58,23
5773,36,10,9021.26,4
5773,8,6,12442.49,13
5774,35,2,2610.11,7
5774,6,10,2415.66,31
5775,1,2,2583.4,4
5775,43,4,7329.8,9
5775,16,6,13012.34,7
5776,18,1,4453.4,30
5776,49,3,7397.69,34
5776,47,6,7055.86,39
5776,28,4,6695.04,50
5777,22,3,10062.96,41
5777,2,4,8993.82,48
5777,3,3,4381.07,25
5777,47,7,13224.97,29
5778,44,8,14633.09,6
5779,15,10,9252.39,1
5779,9,3,9462.88,39
5779,16,10,3986.48,34
5779,27,8,12083.83,11
5780,16,8,9259.56,25
5780,28,7,5781.28,16
5781,8,9,5272.52,16
5781,1,9,11570.15,34
5782,19,7,8168.43,46
5782,42,4,8372.57,50
5782,26,1,12340.58,38
5782,35,6,10711.73,5
5783,48,8,12899.57,18
5784,13,10,13457.25,17
5785,10,1,12689.81,49
5785,47,9,7221.69,40
5786,4,7,13887.87,7
5786,20,5,7018.31,3
5787,14,4,10822.77,23
5788,32,1,8671.99,49
5788,15,10,7698.6,13
5788,14,8,10742.56,8
5789,9,8,12460.83,15
5789,28,5,13460.67,24
5789,14,1,6913.24,26
5790,11,1,3476.11,12
5790,40,7,9535.63,26
5790,41,2,12137.05,34
5791,34,7,7709.39,19
5791,38,1,11524.34,28
5791,14,2,2543.19,22
5791,9,6,7166.09,27
5792,17,8,5451.92,2
5792,9,9,11907.54,20
5793,37,7,7573.8,2
5793,6,10,7338.51,7
5793,34,1,4248.96,9
5794,17,5,7803.65,26
5794,27,9,6642.67,18
5794,15,10,14310.81,20
5795,38,4,10603.79,3
5795,32,2,13261.02,2
5795,49,10,7520.76,8
5795,10,9,2566.06,3
5796,50,10,3864.59,19
5796,34,2,10163.09,50
5796,7,4,13161.15,24
5796,9,9,6185.74,31
5797,29,6,3340.97,30
5797,20,8,5000.52,6
5798,38,7,10375.38,4
5798,6,1,10729.68,5
5798,34,8,9599.45,44
5798,19,4,9172.11,3
5799,1,5,11024.47,39
5799,38,1,2535.47,45
5800,6,4,12970.37,36
5800,20,1,9978.87,4
5800,27,5,9343.54,7
5800,9,8,12394.45,4
5801,34,8,4789.13,22
5801,20,1,8743.04,48
5801,41,1,9118.45,33
5802,19,1,8457.98,4
5802,38,5,2759.97,28
5802,6,7,6353.27,47
5803,20,9,12349.31,40
5803,45,2,6391.07,8
5804,17,4,4318.51,12
5804,33,6,14281.09,27
5805,7,10,3444.66,8
5805,39,3,10521.93,23
5805,13,6,8033.56,8
5805,28,4,10558.84,40
5806,46,9,3301.15,16
5806,16,2,14973.3,19
5807,1,9,8103.42,12
5807,37,6,13527.67,10
5807,35,6,8863.64,12
5807,6,1,2728.1,45
5808,44,4,13393.13,31
5808,19,2,10810.77,10
5808,14,6,12968.02,49
5809,24,1,14095.1,27
5810,36,8,7288.31,40
5810,45,2,9456.7,34
5810,4,9,11081.02,28
5810,35,2,3992.12,22
5811,22,3,11803.55,39
5812,42,2,2601.1,1
5812,8,1,5896.59,2
5812,24,9,11800.79,16
5813,22,5,3143.09,41
5813,35,8,11019.63,14
5814,26,5,3018.54,38
5814,43,2,11859.05,49
5815,36,5,2920.92,32
5815,1,6,5516.8,34
5815,4,3,14146.0,9
5816,37,6,8305.25,16
5816,19,9,9298.66,4
5816,44,9,3510.93,5
5816,18,3,5634.57,6
5817,33,7,11923.08,43
5817,11,4,13204.53,41
5817,9,10,4559.3,9
5818,39,1,6189.29,45
5818,23,10,12221.24,26
5819,19,8,3752.64,15
5819,46,3,9280.68,36
5819,28,2,14819.22,32
5819,10,8,8090.94,3
5820,19,5,9448.39,25
5820,17,7,9213.34,13
5820,4,7,3869.26,15
5821,33,3,12551.61,17
5822,29,9,8282.07,36
5823,18,4,11517.7,20
5823,24,1,10362.83,44
5823,40,9,3140.08,49
5824,29,3,14747.13,34
5824,30,3,6311.91,43
5824,17,7,4758.6,43
5824,10,1,9213.21,43
5825,26,1,12106.36,13
5825,6,5,12165.4,8
5825,25,10,2481.5,23
5826,5,1,13314.76,33
5826,18,10,9269.32,46
5826,21,8,4436.67,31
5826,9,1,6335.67,10
5827,34,4,6966.02,22
5827,47,9,7593.64,11
5827,44,3,9451.89,27
5828,11,2,10172.3,47
5828,17,5,7764.18,42
5829,28,4,6110.19,43
5830,42,7,14413.75,34
5831,1,4,12994.56,21
5831,34,7,13616.44,27
5832,19,4,6967.33,27
5832,4,4,10938.41,42
5833,31,2,13173.25,41
5834,31,6,8194.74,17
5834,46,2,13353.09,35
5834,28,9,6536.75,49
5834,31,9,4153.42,39
5835,42,6,10892.2,12
5835,48,8,13051.95,12
5835,17,9,12973.72,13
5835,4,1,11863.65,33
5836,32,5,11532.95,7
5836,30,5,14356.61,47
5837,27,8,5375.67,11
5837,36,8,3153.46,14
5837,36,4,12324.65,47
5837,14,1,14636.07,18
5838,31,1,2366.37,49
5838,12,8,4982.74,19
5839,19,8,8820.62,15
5840,34,6,8407.29,17
5840,33,3,11556.09,12
5840,5,10,10552.48,36
5841,20,6,6970.9,21
5841,17,5,3602.09,17
5841,48,4,12712.67,12
5841,45,6,4923.11,15
5842,19,5,7308.39,37
5842,49,9,13523.86,38
5842,30,6,14817.76,5
5843,10,2,6193.67,22
5843,19,1,3111.48,44
5843,50,9,9335.25,49
5844,23,10,3824.32,22
5844,26,6,12630.83,22
5844,12,3,11781.89,29
5844,37,3,2030.5,23
5845,25,8,5916.77,34
5845,6,5,6082.56,33
5845,10,9,2244.59,34
5846,9,10,3935.07,10
5846,14,10,11631.93,26
5846,40,5,5106.34,7
5846,21,4,11098.17,11
5847,32,7,3648.82,48
5848,44,4,11996.62,7
5848,8,10,3510.4,48
5848,2,6,3564.33,45
5848,16,6,9087.72,3
5849,7,1,6858.62,21
5849,2,8,3353.95,1
5849,17,9,6821.79,13
5850,4,9,14189.95,45
5850,11,2,9334.66,42
5850,40,9,3325.54,13
5850,15,6,2300.75,24
5851,2,1,14734.77,36
5851,28,9,7083.0,32
5851,2,7,9232.18,5
5852,14,8,13713.49,39
5853,50,5,10271.29,27
5853,39,7,3760.17,44
5853,20,5,12089.06,5
5854,21,4,2220.93,30
5854,1,9,5225.13,5
5854,40,10,13002.25,37
5854,33,5,6200.51,44
5855,11,7,11085.89,49
5856,26,8,14448.9,7
5856,18,8,11036.83,26
5856,9,10,3569.16,18
5856,10,10,14781.87,15
5857,41,6,5982.25,42
5857,27,6,9977.77,16
5858,39,9,8411.21,32
5858,16,2,11947.17,3
5858,18,2,9746.7,13
5858,6,2,3595.31,10
5859,40,10,7531.81,8
5860,34,3,2519.24,30
5860,47,8,9991.75,49
5860,24,6,2481.81,28
5861,25,2,6069.17,25
5861,26,7,12802.15,33
5861,50,9,12247.31,5
5861,8,6,11457.72,49
5862,29,4,5347.44,24
5862,2,3,13202.08,20
5862,36,7,11057.54,44
5863,13,3,8845.19,31
5863,43,1,3375.46,34
5863,17,7,3532.6,18
5863,27,6,14843.99,29
5864,26,10,2955.08,6
5864,21,8,9082.84,15
5864,35,1,13813.33,26
5865,35,5,14864.58,16
5866,8,7,4351.34,40
5866,18,10,8459.7,40
5867,33,4,11951.89,21
5867,26,6,6064.79,27
5867,46,3,4227.22,27
5867,33,6,3401.24,11
5868,46,2,5275.2,13
5869,37,6,13401.07,19
5870,13,5,9755.68,25
5870,36,7,6263.26,12
5870,4,6,14376.88,49
5870,10,8,7771.55,43
5871,47,3,7564.77,4
5872,27,9,4909.96,47
5873,14,10,3887.83,29
5873,28,10,11695.06,21
5874,34,9,7803.71,10
5874,1,2,9319.51,12
5874,15,8,12072.9,1
5874,1,10,2660.72,19
5875,12,8,3218.89,10
5875,22,4,3754.28,50
5876,5,1,13411.96,3
5876,43,5,4623.61,28
5877,20,1,11988.32,16
5877,17,9,3984.68,3
5878,18,2,14744.61,23
5878,44,1,8182.14,6
5878,43,1,9426.13,19
5879,5,5,8394.98,43
5879,5,10,10191.63,3
5879,34,4,8954.74,34
5880,46,3,3749.65,49
5880,39,9,2808.2,43
5880,34,10,5204.8,40
5880,8,1,11846.98,48
5881,28,3,6887.91,43
5881,6,1,7503.05,32
5881,37,3,7961.24,8
5881,25,8,7456.29,46
5882,34,1,11183.26,33
5882,4,5,12331.15,11
5882,7,9,12181.02,28
5882,2,1,10486.44,10
5883,18,6,9476.62,8
5883,32,2,2426.0,20
5883,7,1,9361.46,49
5884,17,3,12440.44,3
5884,8,1,12076.45,30
5885,17,5,8746.44,43
5885,35,2,7462.47,18
5886,25,3,10906.06,38
5886,1,8,3703.27,48
5887,41,4,10939.56,9
5887,7,5,2022.74,42
5887,6,7,8762.83,22
5888,11,7,14638.32,38
5888,24,1,12753.64,31
5888,12,7,2270.48,11
5888,33,4,10793.71,12
5889,17,5,14856.03,26
5889,12,10,11337.66,33
5889,19,6,6386.42,37
5889,14,1,12987.86,10
5890,26,9,9479.36,6
5890,50,7,11741.14,9
5891,12,5,13400.72,47
5891,20,1,6900.94,17
5891,24,2,10819.63,29
5891,34,7,11146.48,24
5892,45,9,2283.8,39
5892,27,9,2480.57,32
5893,42,2,10185.66,35
5894,5,3,11104.88,43
5894,47,1,5701.43,45
5895,19,1,2039.47,49
5895,40,9,11054.59,13
5895,11,9,10627.29,17
5895,6,6,2704.78,32
5896,49,3,4161.06,1
5896,41,8,5545.95,36
5897,11,3,5108.89,36
5897,28,2,9445.44,9
5897,47,2,5846.94,47
5898,43,5,13586.65,40
5898,13,8,13095.15,39
5898,16,8,11436.46,23
5899,3,3,11312.5,27
5899,3,1,10965.17,37
5900,40,6,7438.76,23
5900,44,9,8891.3,5
5900,50,1,4167.48,13
5900,27,7,12768.48,12
5901,43,10,8175.86,43
5901,47,10,8572.86,36
5901,31,5,5717.22,28
5901,11,6,10698.24,33
5902,40,7,8008.34,4
5903,19,7,6403.99,15
5903,25,9,10410.97,37
5903,22,8,11369.96,32
5904,46,9,7035.09,37
5905,15,10,2099.07,35
5906,8,5,2404.62,31
5906,41,6,3741.94,44
5906,4,1,4295.06,33
5906,42,10,6519.15,19
5907,50,2,11809.19,23
5907,45,6,5413.18,31
5907,11,5,8224.15,13
5907,6,1,9356.35,38
5908,14,4,8814.72,10
5908,21,3,7676.69,17
5908,17,9,7867.17,39
5909,34,2,3585.9,46
5909,7,1,9265.92,50
5909,16,9,8470.18,24
5909,3,10,14745.32,40
5910,8,2,9427.72,45
5911,23,7,8976.21,1
5912,47,10,14767.3,47
5912,4,7,7059.64,4
5913,36,7,8217.8,22
5913,1,2,10201.51,43
5913,24,9,4475.35,31
5913,42,7,10440.1,27
5914,20,7,3736.32,29
5914,12,8,13168.49,39
5914,42,7,2198.86,46
5914,15,2,10052.19,1
5915,17,4,12749.58,20
5916,41,8,6594.75,13
5916,39,1,7193.48,15
5916,9,3,12434.22,45
5917,9,4,12610.89,26
5917,15,1,4861.76,2
5917,11,4,9936.2,26
5918,5,6,10490.05,1
5918,28,8,10136.93,26
5919,33,4,13520.32,47
5919,23,9,8687.38,33
5919,25,1,6686.82,13
5920,31,3,3325.36,44
5920,50,5,3870.18,20
5921,36,6,5365.48,49
5921,23,3,12044.17,50
5922,10,2,10962.09,26
5922,40,10,7992.8,41
5922,4,4,8396.06,6
5922,2,1,7183.93,39
5923,5,7,10181.96,43
5923,3,8,2890.21,6
5923,19,6,14512.7,47
5924,8,5,5204.69,38
5924,38,8,6643.12,24
5925,18,5,13215.48,28
5925,19,1,6213.63,26
5925,45,7,12278.15,15
5925,18,8,2362.67,23
5926,42,5,11182.76,10
5926,44,5,3823.92,5
5927,39,7,7213.35,2
5927,34,5,9734.8,25
5928,38,8,9991.89,49
5928,8,9,12813.64,38
5928,49,8,12453.17,31
5928,13,2,3592.67,20
5929,42,10,11005.34,46
5929,48,10,2618.93,25
5929,43,2,7653.75,35
5930,44,3,13231.61,42
5931,45,8,4642.37,8
5932,8,10,9827.28,35
5932,12,3,4001.76,11
5932,27,5,12265.32,49
5933,14,10,8070.01,7
5933,35,6,6009.56,22
5934,21,1,3820.82,40
5934,36,1,14074.24,37
5934,14,4,7534.93,7
5935,30,9,5211.01,1
5935,19,2,6750.13,31
5936,26,9,10018.28,12
5936,26,9,5104.13,32
5936,42,2,8089.31,26
5936,20,7,11976.9,36
5937,6,1,10879.59,13
5937,12,4,13942.93,32
5937,23,2,7502.88,18
5938,48,5,9081.76,5
5938,46,7,10559.52,24
5939,46,10,2097.98,47
5939,20,5,4011.17,3
5939,14,9,4505.03,24
5939,22,10,3802.89,29
5940,24,7,9631.22,13
5941,8,1,6924.0,11
5942,41,3,5937.85,35
5943,47,5,5776.71,37
5943,47,3,11133.89,30
5943,36,8,9681.48,49
5944,34,5,6803.69,46
5944,18,10,11088.2,23
5945,25,2,10413.66,32
5946,9,4,14997.82,33
5946,50,10,2903.5,13
5946,27,5,10518.19,31
5946,8,2,9062.53,46
5947,45,10,10807.19,40
5948,40,6,2172.15,15
5948,48,9,8873.15,34
5948,32,4,10869.15,20
5949,33,2,3872.03,50
5950,39,8,6290.59,27
5951,42,8,10290.91,28
5951,32,1,14587.04,44
5952,44,7,6984.25,23
5952,25,4,12943.75,8
5952,3,10,8296.42,1
5952,17,10,8782.42,41
5953,2,4,10385.74,44
5953,48,10,2831.96,22
5953,31,6,12165.68,17
5954,38,4,9788.83,25
5954,27,7,14725.13,30
5955,29,8,2064.64,19
5956,23,7,7865.98,46
5956,34,10,8646.66,13
5956,25,7,5062.9,6
5956,45,6,8767.82,13
5957,18,10,14969.82,23
5957,39,9,7891.37,28
5957,42,1,14657.19,2
5958,47,2,2111.27,37
5958,32,6,8147.4,17
5958,37,2,13924.37,20
5959,22,10,5742.23,42
5960,2,2,8637.63,49
5961,1,9,5320.45,3
5962,24,8,8528.94,18
5962,35,8,3745.25,14
5962,23,2,13382.13,20
5962,1,2,3598.54,19
5963,6,5,4403.16,27
5963,35,9,3388.26,4
5963,45,10,6824.03,40
5963,24,8,9364.09,49
5964,36,3,11259.87,24
5965,21,1,3182.24,2
5965,28,6,7415.81,29
5965,1,10,6118.1,21
5965,43,4,12597.02,47
5966,30,9,7238.22,1
5966,1,2,7471.84,19
5966,39,3,13144.05,2
5966,30,6,8791.28,37
5967,2,9,2803.18,42
5967,8,5,8682.7,37
5968,46,8,6584.56,35
5968,12,3,14698.01,29
5968,48,7,4960.15,38
5969,31,2,13578.39,48
5970,13,2,14079.37,36
5971,1,7,6487.44,9
5972,13,6,9679.3,31
5973,12,7,13857.03,48
5973,27,1,5157.26,3
5974,13,6,13524.0,50
5974,8,9,6555.77,45
5974,10,7,11114.01,8
5975,14,8,14436.68,2
5975,31,10,7014.76,11
5975,37,3,5198.56,2
5975,43,3,14160.94,4
5976,5,8,12808.58,14
5976,31,2,9555.64,5
5977,18,5,6949.25,19
5977,2,7,12736.45,40
5978,20,8,10143.73,28
5978,41,8,7355.54,34
5978,29,8,14287.82,36
5978,36,7,8928.85,24
5979,23,7,8376.47,43
5980,31,5,8962.43,25
5980,31,2,6643.03,26
5981,34,6,12346.7,6
5981,44,10,7264.87,13
5982,37,5,9197.1,44
5982,40,6,7715.57,26
5982,30,3,4618.61,36
5983,27,6,7511.55,19
5983,44,7,5805.37,50
5983,22,8,5730.96,23
5984,19,6,11010.57,36
5984,35,2,14307.83,18
5985,19,1,11602.09,20
5985,31,8,9023.04,15
5985,7,1,3543.88,31
5986,45,7,9861.61,8
5986,38,3,4041.08,42
5986,38,6,14535.8,26
5987,42,4,10176.27,30
5987,38,9,2774.75,9
5987,50,1,13155.26,12
5987,13,5,11841.07,23
5988,33,6,9266.35,28
5988,32,3,9910.5,40
5988,20,5,7888.37,37
5988,23,2,12920.43,25
5989,35,10,9701.4,14
5989,25,4,12995.15,8
5990,37,2,7196.56,38
5991,29,8,4543.21,30
5991,37,10,12388.61,43
5992,18,2,3191.11,29
5993,20,1,3834.4,47
5993,28,9,8651.37,45
5994,8,4,2429.66,31
5995,26,3,3902.16,44
5995,38,3,6808.04,23
5995,30,6,4691.74,28
5996,25,4,13663.65,14
5997,10,10,12033.32,44
5998,31,9,5482.49,28
5998,33,8,5816.68,1
5998,3,6,7444.51,47
5998,42,9,8657.46,31
5999,5,8,7006.55,34
6000,15,4,3172.39,34
6000,4,7,7411.25,16
6000,44,10,7452.05,46
6000,30,6,12498.88,40
