id_viaje,id_aeronave,id_fecha,id_zona,horas_vuelo,distancia_km
5001,N999XX,20230622,Z1,5.3,4505
5002,N555CC,20240423,Z2,8.94,7599
5003,N999XX,20240217,Z4,9.18,7803
5004,N999XX,20230128,Z1,11.19,9511
5005,N222RR,20231219,Z3,5.46,4641
5006,N999XX,20230930,Z2,3.87,3289
5007,N12345,20230718,Z4,8.94,7599
5008,N555CC,20230520,Z2,1.32,1122
5009,N67890,20240308,Z3,4.45,3782
5010,N67890,20240315,Z2,2.73,2320
5011,N67890,20230821,Z3,5.68,4828
5012,N999XX,20230305,Z2,4.62,3927
5013,N222RR,20230921,Z3,7.32,6222
5014,N999XX,20231124,Z4,11.94,10149
5015,N999XX,20231203,Z1,9.1,7735
5016,N12345,20231219,Z3,6.75,5737
5017,N222RR,20231106,Z4,2.08,1768
5018,N12345,20240212,Z4,6.93,5890
5019,N67890,20230708,Z1,8.64,7344
5020,N222RR,20230315,Z4,4.77,4054
5021,N555CC,20230331,Z2,2.66,2261
5022,N12345,20240430,Z1,9.21,7828
5023,N555CC,20240228,Z2,8.35,7097
5024,N12345,20230922,Z2,3.26,2771
5025,N12345,20240222,Z3,2.22,1887
5026,N222RR,20231125,Z4,10.49,8916
5027,N67890,20240423,Z3,9.88,8398
5028,N999XX,20230302,Z4,11.69,9936
5029,N12345,20230916,Z1,6.57,5584
5030,N12345,20230621,Z2,2.92,2482
5031,N12345,20230813,Z4,9.11,7743
5032,N555CC,20240229,Z1,4.75,4037
5033,N222RR,20240324,Z1,9.82,8347
5034,N222RR,20240430,Z2,11.27,9579
5035,N12345,20231008,Z3,3.92,3332
5036,N222RR,20231217,Z2,6.58,5593
5037,N222RR,20231130,Z4,2.7,2295
5038,N67890,20230316,Z1,7.0,5950
5039,N67890,20230201,Z2,1.74,1479
5040,N222RR,20240419,Z4,1.8,1530
5041,N12345,20230717,Z2,5.07,4309
5042,N67890,20230604,Z1,5.98,5083
5043,N12345,20240105,Z2,8.91,7573
5044,N222RR,20230228,Z4,7.71,6553
5045,N999XX,20240114,Z4,8.67,7369
5046,N12345,20240303,Z3,4.89,4156
5047,N999XX,20231008,Z1,3.19,2711
5048,N999XX,20231216,Z1,6.76,5746
5049,N222RR,20240125,Z2,8.73,7420
5050,N222RR,20231016,Z2,11.73,9970
5051,N12345,20230420,Z4,10.58,8993
5052,N222RR,20240427,Z1,4.23,3595
5053,N999XX,20230618,Z3,8.82,7497
5054,N999XX,20240424,Z3,8.82,7497
5055,N12345,20230807,Z4,1.34,1139
5056,N222RR,20231025,Z4,1.44,1224
5057,N555CC,20230302,Z1,4.89,4156
5058,N999XX,20230122,Z2,11.31,9613
5059,N999XX,20231023,Z2,6.09,5176
5060,N222RR,20230417,Z3,7.71,6553
5061,N999XX,20230228,Z4,5.65,4802
5062,N222RR,20230315,Z1,9.21,7828
5063,N222RR,20240128,Z3,2.75,2337
5064,N999XX,20230410,Z1,9.32,7922
5065,N555CC,20230516,Z4,3.23,2745
5066,N12345,20240123,Z4,10.72,9112
5067,N222RR,20240414,Z3,10.05,8542
5068,N999XX,20240109,Z1,1.15,977
5069,N999XX,20230428,Z3,8.86,7530
5070,N67890,20230507,Z3,5.82,4947
5071,N555CC,20230221,Z1,5.01,4258
5072,N67890,20240127,Z4,3.12,2652
5073,N555CC,20240401,Z1,10.0,8500
5074,N555CC,20230511,Z4,8.58,7293
5075,N67890,20231204,Z1,2.22,1887
5076,N67890,20230423,Z4,9.36,7955
5077,N222RR,20231130,Z1,4.99,4241
5078,N555CC,20231229,Z1,4.38,3723
5079,N67890,20230425,Z2,5.78,4913
5080,N999XX,20240326,Z3,2.92,2482
5081,N12345,20230530,Z2,2.96,2516
5082,N67890,20240428,Z4,2.94,2499
5083,N12345,20230914,Z2,6.99,5941
5084,N999XX,20240227,Z2,3.27,2779
5085,N555CC,20230915,Z3,1.48,1258
5086,N12345,20231021,Z1,4.2,3570
5087,N999XX,20231110,Z4,9.79,8321
5088,N222RR,20231105,Z1,8.17,6944
5089,N999XX,20231009,Z4,9.21,7828
5090,N222RR,20231003,Z4,3.96,3366
5091,N12345,20230509,Z3,3.33,2830
5092,N12345,20230322,Z3,3.38,2873
5093,N222RR,20230202,Z2,10.73,9120
5094,N12345,20231117,Z2,1.88,1598
5095,N999XX,20230509,Z3,1.07,909
5096,N67890,20230408,Z1,9.39,7981
5097,N67890,20230717,Z2,11.79,10021
5098,N222RR,20240319,Z2,9.83,8355
5099,N67890,20230919,Z2,1.44,1224
5100,N222RR,20231108,Z4,2.17,1844
5101,N67890,20230906,Z1,1.95,1657
5102,N999XX,20240320,Z1,8.1,6885
5103,N67890,20230224,Z2,7.68,6528
5104,N555CC,20230515,Z4,7.84,6664
5105,N555CC,20230611,Z3,4.97,4224
5106,N555CC,20240221,Z3,2.76,2346
5107,N67890,20230813,Z1,7.33,6230
5108,N999XX,20230307,Z4,10.79,9171
5109,N555CC,20230207,Z1,11.5,9775
5110,N555CC,20240203,Z4,5.56,4726
5111,N555CC,20230222,Z2,5.73,4870
5112,N999XX,20231030,Z1,9.88,8398
5113,N12345,20230907,Z4,5.03,4275
5114,N999XX,20230729,Z4,5.74,4879
5115,N555CC,20230213,Z1,1.48,1258
5116,N222RR,20230112,Z1,7.81,6638
5117,N67890,20240414,Z2,9.64,8194
5118,N555CC,20240320,Z1,9.45,8032
5119,N67890,20230109,Z2,5.98,5083
5120,N67890,20240412,Z3,2.37,2014
5121,N999XX,20240414,Z4,8.25,7012
5122,N555CC,20231120,Z4,3.39,2881
5123,N555CC,20230613,Z2,7.98,6783
5124,N555CC,20230112,Z3,10.09,8576
5125,N999XX,20240301,Z1,9.34,7939
5126,N555CC,20240408,Z3,5.14,4369
5127,N12345,20240221,Z4,5.21,4428
5128,N555CC,20230222,Z1,9.53,8100
5129,N555CC,20230227,Z3,11.23,9545
5130,N12345,20230511,Z2,4.41,3748
5131,N222RR,20230101,Z1,5.44,4624
5132,N999XX,20231015,Z1,5.49,4666
5133,N555CC,20231021,Z4,3.15,2677
5134,N999XX,20230416,Z2,1.2,1020
5135,N222RR,20240203,Z4,9.6,8160
5136,N222RR,20230816,Z4,11.72,9962
5137,N999XX,20231120,Z1,10.36,8806
5138,N222RR,20230203,Z4,2.29,1946
5139,N222RR,20230225,Z1,2.38,2023
5140,N555CC,20230120,Z4,2.36,2006
5141,N12345,20231019,Z4,5.78,4913
5142,N67890,20231006,Z3,10.45,8882
5143,N67890,20230222,Z1,8.07,6859
5144,N12345,20231027,Z1,2.9,2465
5145,N12345,20230226,Z1,10.66,9061
5146,N67890,20231106,Z2,3.79,3221
5147,N999XX,20230915,Z1,10.42,8857
5148,N999XX,20231229,Z2,4.61,3918
5149,N222RR,20231021,Z3,1.61,1368
5150,N999XX,20231029,Z4,3.28,2788
5151,N222RR,20230916,Z4,7.03,5975
5152,N12345,20230312,Z1,6.41,5448
5153,N999XX,20230515,Z3,11.62,9877
5154,N222RR,20230802,Z2,5.53,4700
5155,N67890,20240415,Z3,3.17,2694
5156,N999XX,20240402,Z2,9.37,7964
5157,N67890,20231014,Z4,10.61,9018
5158,N999XX,20230111,Z3,8.3,7055
5159,N12345,20240311,Z2,1.24,1054
5160,N67890,20230107,Z2,2.63,2235
5161,N999XX,20240215,Z1,3.79,3221
5162,N67890,20240220,Z3,5.11,4343
5163,N222RR,20240421,Z1,3.58,3043
5164,N67890,20230803,Z4,4.5,3825
5165,N555CC,20230418,Z1,3.25,2762
5166,N12345,20230627,Z1,6.47,5499
5167,N12345,20230203,Z1,3.81,3238
5168,N12345,20240217,Z3,1.42,1207
5169,N222RR,20231210,Z3,9.7,8245
5170,N999XX,20230912,Z4,4.38,3723
5171,N12345,20240418,Z1,6.42,5457
5172,N12345,20230714,Z3,10.72,9112
5173,N222RR,20230818,Z2,3.02,2567
5174,N12345,20231224,Z4,8.14,6919
5175,N12345,20230121,Z4,10.47,8899
5176,N999XX,20230726,Z1,2.9,2465
5177,N999XX,20231220,Z3,1.54,1309
5178,N999XX,20230902,Z2,4.42,3757
5179,N555CC,20230102,Z1,3.2,2720
5180,N555CC,20230125,Z2,3.78,3213
5181,N67890,20230613,Z1,1.34,1139
5182,N222RR,20240214,Z4,10.31,8763
5183,N555CC,20231215,Z1,2.91,2473
5184,N555CC,20230508,Z2,7.77,6604
5185,N555CC,20240221,Z3,1.54,1309
5186,N222RR,20230916,Z4,1.88,1598
5187,N12345,20231119,Z1,2.12,1802
5188,N555CC,20230628,Z4,3.9,3315
5189,N12345,20231015,Z2,11.52,9792
5190,N999XX,20240417,Z4,8.48,7208
5191,N555CC,20231025,Z1,7.88,6698
5192,N12345,20230726,Z4,6.78,5763
5193,N12345,20231122,Z3,7.96,6766
5194,N67890,20230109,Z1,10.27,8729
5195,N12345,20230604,Z1,5.26,4471
5196,N12345,20230208,Z3,9.33,7930
5197,N67890,20230306,Z2,3.47,2949
5198,N67890,20230407,Z4,6.97,5924
5199,N12345,20231105,Z3,8.18,6953
5200,N67890,20230607,Z1,8.48,7208
5201,N67890,20231103,Z4,8.99,7641
5202,N67890,20230914,Z3,10.39,8831
5203,N67890,20230908,Z4,11.61,9868
5204,N999XX,20240408,Z2,3.07,2609
5205,N67890,20231217,Z1,8.32,7072
5206,N555CC,20230218,Z3,1.9,1615
5207,N555CC,20230325,Z2,4.06,3450
5208,N67890,20230710,Z3,5.72,4862
5209,N999XX,20230509,Z3,5.12,4352
5210,N555CC,20230108,Z3,9.52,8092
5211,N999XX,20240119,Z1,6.43,5465
5212,N67890,20230515,Z1,9.45,8032
5213,N67890,20230128,Z4,8.81,7488
5214,N67890,20240120,Z3,3.21,2728
5215,N67890,20230601,Z1,2.47,2099
5216,N555CC,20230902,Z4,3.58,3043
5217,N222RR,20230905,Z4,1.1,935
5218,N999XX,20240315,Z2,2.34,1988
5219,N222RR,20231120,Z3,2.46,2091
5220,N555CC,20240101,Z1,3.61,3068
5221,N999XX,20231020,Z4,8.18,6953
5222,N999XX,20240303,Z2,3.91,3323
5223,N999XX,20230929,Z2,5.66,4811
5224,N222RR,20240104,Z4,6.87,5839
5225,N222RR,20230903,Z1,5.77,4904
5226,N999XX,20240418,Z3,6.76,5746
5227,N555CC,20240403,Z3,6.75,5737
5228,N555CC,20230306,Z4,9.72,8262
5229,N555CC,20230314,Z3,9.37,7964
5230,N999XX,20230423,Z3,6.03,5125
5231,N999XX,20230401,Z2,6.26,5321
5232,N12345,20240310,Z3,5.8,4930
5233,N555CC,20240326,Z4,4.34,3689
5234,N999XX,20231228,Z4,9.38,7973
5235,N999XX,20230814,Z1,10.43,8865
5236,N12345,20240311,Z3,11.01,9358
5237,N555CC,20230921,Z1,7.48,6358
5238,N12345,20231107,Z2,1.77,1504
5239,N999XX,20230809,Z4,11.21,9528
5240,N67890,20230903,Z2,11.94,10149
5241,N67890,20240229,Z3,8.69,7386
5242,N222RR,20230225,Z4,7.61,6468
5243,N999XX,20231101,Z4,7.89,6706
5244,N999XX,20240220,Z2,11.54,9809
5245,N12345,20230622,Z2,1.26,1071
5246,N67890,20240210,Z3,2.43,2065
5247,N999XX,20240106,Z1,2.54,2159
5248,N12345,20240330,Z1,8.47,7199
5249,N12345,20240421,Z1,6.98,5933
5250,N555CC,20230421,Z3,4.2,3570
5251,N555CC,20231007,Z1,4.26,3621
5252,N999XX,20230617,Z1,7.5,6375
5253,N12345,20240330,Z2,10.58,8993
5254,N555CC,20240326,Z4,11.76,9996
5255,N12345,20240106,Z2,7.64,6494
5256,N12345,20230817,Z4,2.69,2286
5257,N999XX,20231013,Z1,9.37,7964
5258,N555CC,20230528,Z2,5.26,4471
5259,N12345,20230120,Z1,11.08,9418
5260,N222RR,20230425,Z4,10.71,9103
5261,N12345,20240424,Z2,4.09,3476
5262,N12345,20230217,Z1,10.6,9010
5263,N555CC,20230108,Z3,5.17,4394
5264,N67890,20230815,Z2,5.77,4904
5265,N999XX,20240319,Z2,11.6,9860
5266,N222RR,20231121,Z1,7.12,6052
5267,N12345,20230513,Z3,2.61,2218
5268,N12345,20240115,Z2,2.43,2065
5269,N222RR,20240313,Z1,2.27,1929
5270,N12345,20230509,Z1,7.36,6256
5271,N67890,20240330,Z4,3.25,2762
5272,N67890,20240315,Z4,5.48,4658
5273,N555CC,20230529,Z3,10.2,8670
5274,N555CC,20231109,Z4,6.13,5210
5275,N67890,20240201,Z1,2.5,2125
5276,N222RR,20230815,Z3,2.26,1920
5277,N999XX,20230515,Z4,4.91,4173
5278,N999XX,20240320,Z2,5.77,4904
5279,N999XX,20230516,Z2,7.88,6698
5280,N999XX,20230430,Z4,9.14,7769
5281,N222RR,20231107,Z1,2.69,2286
5282,N12345,20240120,Z2,5.71,4853
5283,N999XX,20230922,Z3,10.88,9248
5284,N12345,20231215,Z2,5.88,4998
5285,N999XX,20240411,Z3,11.0,9350
5286,N67890,20230816,Z2,6.54,5559
5287,N12345,20230916,Z4,1.86,1581
5288,N222RR,20230808,Z4,4.97,4224
5289,N12345,20230317,Z2,5.14,4369
5290,N67890,20240425,Z3,4.17,3544
5291,N222RR,20240229,Z1,4.4,3740
5292,N12345,20240330,Z3,4.04,3434
5293,N999XX,20230108,Z1,8.87,7539
5294,N999XX,20230113,Z1,3.9,3315
5295,N12345,20231012,Z2,7.49,6366
5296,N12345,20230223,Z1,1.47,1249
5297,N555CC,20230305,Z3,6.12,5202
5298,N555CC,20231009,Z1,11.57,9834
5299,N222RR,20230806,Z2,4.08,3468
5300,N67890,20240327,Z2,10.61,9018
5301,N67890,20230823,Z4,10.98,9333
5302,N67890,20230819,Z4,5.0,4250
5303,N555CC,20231112,Z4,11.03,9375
5304,N222RR,20230528,Z3,3.6,3060
5305,N12345,20230106,Z2,4.69,3986
5306,N999XX,20230201,Z2,1.96,1666
5307,N555CC,20231224,Z3,7.53,6400
5308,N222RR,20230420,Z2,4.68,3977
5309,N222RR,20231030,Z3,5.97,5074
5310,N67890,20230208,Z2,8.51,7233
5311,N67890,20230404,Z1,9.67,8219
5312,N999XX,20230508,Z1,10.83,9205
5313,N555CC,20231009,Z1,10.68,9078
5314,N222RR,20231001,Z1,1.61,1368
5315,N999XX,20230429,Z4,2.24,1904
5316,N222RR,20231216,Z1,2.49,2116
5317,N67890,20230202,Z3,9.36,7955
5318,N555CC,20230320,Z3,11.21,9528
5319,N12345,20230610,Z1,7.32,6222
5320,N999XX,20230623,Z1,11.29,9596
5321,N67890,20231113,Z4,10.96,9316
5322,N999XX,20230304,Z3,8.28,7037
5323,N12345,20230801,Z4,9.84,8364
5324,N222RR,20230915,Z1,9.79,8321
5325,N222RR,20230210,Z4,6.3,5355
5326,N555CC,20240411,Z2,11.21,9528
5327,N12345,20231216,Z2,10.56,8976
5328,N222RR,20230906,Z4,9.44,8024
5329,N12345,20230628,Z2,9.82,8347
5330,N12345,20230828,Z1,10.54,8959
5331,N222RR,20230713,Z1,11.72,9962
5332,N222RR,20230429,Z4,10.8,9180
5333,N67890,20230216,Z3,2.52,2142
5334,N67890,20230322,Z4,8.45,7182
5335,N999XX,20240320,Z1,7.75,6587
5336,N67890,20240217,Z1,4.15,3527
5337,N12345,20230729,Z3,10.67,9069
5338,N12345,20230710,Z1,5.87,4989
5339,N67890,20230829,Z2,7.09,6026
5340,N222RR,20231105,Z4,3.67,3119
5341,N999XX,20230401,Z3,9.91,8423
5342,N12345,20240410,Z2,1.46,1241
5343,N12345,20230119,Z4,10.9,9265
5344,N555CC,20231015,Z2,4.43,3765
5345,N555CC,20230226,Z2,5.17,4394
5346,N222RR,20230601,Z1,8.97,7624
5347,N555CC,20231008,Z2,1.62,1377
5348,N222RR,20240202,Z2,1.43,1215
5349,N999XX,20231009,Z3,8.53,7250
5350,N555CC,20230805,Z2,2.72,2312
5351,N999XX,20240121,Z2,8.15,6927
5352,N999XX,20230824,Z3,6.3,5355
5353,N555CC,20231105,Z3,5.44,4624
5354,N12345,20240305,Z4,10.27,8729
5355,N999XX,20230306,Z4,7.7,6545
5356,N999XX,20231204,Z2,2.96,2516
5357,N222RR,20240327,Z4,10.51,8933
5358,N555CC,20230622,Z1,6.0,5100
5359,N999XX,20231001,Z3,6.42,5457
5360,N555CC,20230624,Z3,9.6,8160
5361,N12345,20240422,Z2,8.39,7131
5362,N999XX,20231210,Z2,11.33,9630
5363,N555CC,20231013,Z3,2.85,2422
5364,N222RR,20230125,Z3,7.06,6001
5365,N999XX,20230507,Z4,10.38,8823
5366,N999XX,20230908,Z1,9.62,8176
5367,N555CC,20230104,Z3,2.55,2167
5368,N67890,20230429,Z1,10.44,8874
5369,N222RR,20230927,Z4,11.66,9911
5370,N12345,20240115,Z2,7.31,6213
5371,N999XX,20240104,Z1,3.84,3264
5372,N555CC,20230223,Z4,5.81,4938
5373,N555CC,20230626,Z4,6.27,5329
5374,N555CC,20240110,Z2,10.16,8636
5375,N555CC,20230915,Z1,9.17,7794
5376,N67890,20230216,Z2,1.81,1538
5377,N222RR,20240106,Z2,5.77,4904
5378,N999XX,20231217,Z4,9.18,7803
5379,N222RR,20230613,Z3,6.93,5890
5380,N67890,20230922,Z3,8.35,7097
5381,N12345,20231118,Z3,1.15,977
5382,N999XX,20231010,Z2,1.02,867
5383,N222RR,20231104,Z2,9.94,8449
5384,N222RR,20240229,Z3,7.47,6349
5385,N12345,20240318,Z1,1.96,1666
5386,N999XX,20240302,Z2,1.87,1589
5387,N222RR,20231013,Z1,6.01,5108
5388,N12345,20230326,Z1,5.68,4828
5389,N555CC,20231206,Z2,8.16,6936
5390,N555CC,20231009,Z3,9.38,7973
5391,N555CC,20230508,Z2,6.91,5873
5392,N67890,20230606,Z1,8.56,7276
5393,N999XX,20231027,Z2,11.31,9613
5394,N999XX,20240301,Z3,10.31,8763
5395,N67890,20240206,Z1,4.35,3697
5396,N555CC,20240128,Z2,8.63,7335
5397,N555CC,20230217,Z2,2.97,2524
5398,N999XX,20240119,Z1,6.76,5746
5399,N222RR,20240311,Z3,9.76,8296
5400,N67890,20231007,Z1,5.65,4802
5401,N222RR,20240210,Z3,5.26,4471
5402,N67890,20240301,Z3,6.99,5941
5403,N999XX,20230726,Z4,6.57,5584
5404,N999XX,20231129,Z4,1.12,952
5405,N999XX,20230609,Z4,1.72,1462
5406,N12345,20240207,Z3,11.72,9962
5407,N67890,20240428,Z4,3.61,3068
5408,N222RR,20231211,Z4,6.96,5916
5409,N999XX,20230816,Z2,10.2,8670
5410,N67890,20230927,Z4,8.38,7123
5411,N67890,20230412,Z3,5.51,4683
5412,N222RR,20230429,Z1,10.57,8984
5413,N555CC,20230704,Z4,10.49,8916
5414,N555CC,20230901,Z3,7.85,6672
5415,N222RR,20230520,Z2,8.71,7403
5416,N67890,20230203,Z3,2.04,1734
5417,N67890,20240223,Z3,10.24,8704
5418,N555CC,20230705,Z3,4.12,3502
5419,N999XX,20230510,Z3,6.87,5839
5420,N222RR,20240306,Z4,5.96,5066
5421,N12345,20230617,Z2,5.23,4445
5422,N67890,20230602,Z2,11.75,9987
5423,N12345,20240227,Z4,9.31,7913
5424,N555CC,20230509,Z2,3.56,3026
5425,N222RR,20240410,Z3,7.85,6672
5426,N12345,20230714,Z4,9.24,7854
5427,N12345,20240203,Z1,7.65,6502
5428,N999XX,20240218,Z3,10.58,8993
5429,N222RR,20230117,Z3,7.09,6026
5430,N222RR,20230625,Z1,8.79,7471
5431,N12345,20230226,Z1,4.75,4037
5432,N555CC,20231222,Z2,4.46,3791
5433,N555CC,20230420,Z3,7.77,6604
5434,N999XX,20240217,Z4,5.65,4802
5435,N12345,20231019,Z4,8.06,6851
5436,N555CC,20240402,Z1,11.82,10047
5437,N555CC,20230617,Z2,8.82,7497
5438,N222RR,20230709,Z1,11.71,9953
5439,N67890,20240108,Z2,11.88,10098
5440,N67890,20230125,Z1,5.99,5091
5441,N67890,20240412,Z2,5.42,4607
5442,N555CC,20240109,Z4,4.42,3757
5443,N999XX,20240405,Z1,4.79,4071
5444,N555CC,20240415,Z1,5.36,4556
5445,N555CC,20230613,Z4,3.2,2720
5446,N555CC,20240416,Z3,1.89,1606
5447,N999XX,20230619,Z3,8.28,7037
5448,N999XX,20230930,Z2,11.92,10132
5449,N67890,20230224,Z1,9.25,7862
5450,N67890,20230817,Z2,3.01,2558
5451,N12345,20230217,Z4,1.38,1173
5452,N222RR,20231018,Z1,6.16,5236
5453,N555CC,20230919,Z3,5.67,4819
5454,N67890,20230212,Z3,8.52,7242
5455,N222RR,20231027,Z2,4.61,3918
5456,N67890,20230907,Z1,5.25,4462
5457,N67890,20230401,Z4,10.71,9103
5458,N12345,20230509,Z4,8.96,7616
5459,N222RR,20230511,Z3,8.7,7394
5460,N12345,20230728,Z2,2.64,2244
5461,N999XX,20240403,Z4,10.8,9180
5462,N12345,20230104,Z3,11.41,9698
5463,N67890,20230114,Z2,5.13,4360
5464,N999XX,20230527,Z4,6.85,5822
5465,N12345,20230312,Z2,11.93,10140
5466,N555CC,20230331,Z3,11.87,10089
5467,N555CC,20240328,Z3,4.14,3518
5468,N555CC,20230615,Z3,9.25,7862
5469,N555CC,20230102,Z3,4.08,3468
5470,N222RR,20230604,Z4,10.08,8568
5471,N67890,20231208,Z3,8.27,7029
5472,N12345,20230630,Z3,3.67,3119
5473,N222RR,20230916,Z2,11.79,10021
5474,N12345,20230108,Z4,11.45,9732
5475,N555CC,20230611,Z2,10.39,8831
5476,N12345,20230304,Z2,9.04,7683
5477,N999XX,20230407,Z2,5.05,4292
5478,N12345,20230413,Z1,9.67,8219
5479,N222RR,20230902,Z2,11.87,10089
5480,N12345,20230616,Z2,11.24,9554
5481,N67890,20230325,Z3,1.53,1300
5482,N222RR,20230109,Z3,4.92,4182
5483,N999XX,20230826,Z4,6.5,5525
5484,N999XX,20240428,Z1,11.87,10089
5485,N999XX,20230813,Z1,3.99,3391
5486,N222RR,20230418,Z2,2.04,1734
5487,N12345,20230408,Z4,9.67,8219
5488,N12345,20231206,Z3,10.6,9010
5489,N555CC,20230430,Z1,6.5,5525
5490,N999XX,20230531,Z4,4.4,3740
5491,N12345,20230828,Z2,4.4,3740
5492,N999XX,20240323,Z3,5.67,4819
5493,N67890,20240223,Z2,4.49,3816
5494,N67890,20230810,Z4,3.87,3289
5495,N999XX,20240429,Z3,3.11,2643
5496,N67890,20230104,Z3,10.31,8763
5497,N12345,20230327,Z3,3.39,2881
5498,N67890,20230518,Z2,10.11,8593
5499,N999XX,20240327,Z3,9.17,7794
5500,N222RR,20240321,Z3,5.05,4292
5501,N222RR,20240101,Z4,2.54,2159
5502,N12345,20231213,Z4,5.26,4471
5503,N555CC,20230417,Z4,2.94,2499
5504,N222RR,20230712,Z3,5.35,4547
5505,N67890,20230407,Z2,6.86,5831
5506,N67890,20230622,Z4,10.92,9282
5507,N12345,20240425,Z2,7.77,6604
5508,N12345,20230227,Z1,10.55,8967
5509,N222RR,20240329,Z1,6.99,5941
5510,N555CC,20230220,Z1,6.81,5788
5511,N67890,20231123,Z2,6.39,5431
5512,N555CC,20240323,Z1,2.15,1827
5513,N999XX,20240216,Z2,1.87,1589
5514,N12345,20230316,Z2,3.83,3255
5515,N999XX,20231209,Z4,3.49,2966
5516,N12345,20230501,Z3,6.21,5278
5517,N12345,20230824,Z1,7.24,6154
5518,N999XX,20230413,Z4,10.15,8627
5519,N555CC,20240410,Z4,3.16,2686
5520,N555CC,20240306,Z4,8.23,6995
5521,N67890,20230408,Z2,3.15,2677
5522,N67890,20230313,Z4,3.26,2771
5523,N555CC,20230623,Z3,6.35,5397
5524,N12345,20230730,Z4,5.87,4989
5525,N555CC,20230114,Z4,5.78,4913
5526,N67890,20230624,Z1,10.86,9231
5527,N999XX,20240317,Z2,5.46,4641
5528,N555CC,20230902,Z2,3.32,2822
5529,N12345,20240120,Z2,5.95,5057
5530,N12345,20230301,Z1,7.66,6511
5531,N999XX,20230724,Z2,9.64,8194
5532,N222RR,20231230,Z2,1.26,1071
5533,N67890,20230329,Z1,5.78,4913
5534,N222RR,20230820,Z4,2.96,2516
5535,N555CC,20230626,Z2,9.25,7862
5536,N222RR,20230206,Z3,7.65,6502
5537,N999XX,20230410,Z3,7.75,6587
5538,N555CC,20230920,Z3,5.81,4938
5539,N67890,20230427,Z4,7.76,6596
5540,N999XX,20230525,Z2,5.79,4921
5541,N999XX,20230103,Z1,9.65,8202
5542,N999XX,20230301,Z1,4.74,4029
5543,N12345,20230130,Z3,5.52,4692
5544,N12345,20230412,Z4,1.56,1326
5545,N12345,20230517,Z3,10.18,8653
5546,N555CC,20240415,Z3,1.03,875
5547,N67890,20240208,Z2,11.77,10004
5548,N555CC,20230516,Z4,10.6,9010
5549,N67890,20230316,Z4,9.37,7964
5550,N67890,20230524,Z1,3.11,2643
5551,N555CC,20230203,Z4,7.14,6069
5552,N67890,20231015,Z2,1.08,918
5553,N67890,20230326,Z1,3.37,2864
5554,N12345,20240408,Z3,11.65,9902
5555,N12345,20240223,Z2,1.45,1232
5556,N222RR,20240225,Z3,3.22,2737
5557,N222RR,20231226,Z1,8.27,7029
5558,N555CC,20230216,Z1,7.57,6434
5559,N67890,20240221,Z1,6.46,5491
5560,N67890,20230902,Z2,1.99,1691
5561,N12345,20230817,Z1,6.2,5270
5562,N67890,20230423,Z3,1.38,1173
5563,N67890,20240326,Z1,6.2,5270
5564,N555CC,20230212,Z3,1.98,1683
5565,N222RR,20230131,Z3,2.42,2057
5566,N67890,20230411,Z2,5.84,4964
5567,N67890,20240103,Z4,1.98,1683
5568,N222RR,20231027,Z4,7.18,6103
5569,N12345,20231016,Z3,11.39,9681
5570,N555CC,20231029,Z1,2.78,2363
5571,N999XX,20230609,Z2,2.32,1971
5572,N555CC,20230626,Z3,5.87,4989
5573,N12345,20230908,Z3,7.92,6732
5574,N999XX,20240205,Z3,9.14,7769
5575,N67890,20230107,Z1,7.99,6791
5576,N67890,20230303,Z3,9.45,8032
5577,N555CC,20240422,Z3,7.02,5967
5578,N12345,20230405,Z4,9.55,8117
5579,N555CC,20230502,Z3,11.09,9426
5580,N222RR,20231017,Z4,6.84,5814
5581,N555CC,20231120,Z4,4.36,3706
5582,N12345,20240101,Z2,1.88,1598
5583,N555CC,20230325,Z1,11.36,9656
5584,N999XX,20240311,Z1,3.97,3374
5585,N67890,20230719,Z4,11.99,10191
5586,N999XX,20231214,Z2,10.81,9188
5587,N222RR,20240407,Z1,10.76,9146
5588,N67890,20231106,Z3,7.17,6094
5589,N555CC,20230114,Z2,3.63,3085
5590,N999XX,20230520,Z1,8.17,6944
5591,N999XX,20230709,Z1,8.75,7437
5592,N555CC,20240501,Z1,11.31,9613
5593,N67890,20230525,Z3,6.36,5406
5594,N555CC,20230703,Z3,1.54,1309
5595,N999XX,20230614,Z4,3.15,2677
5596,N67890,20231124,Z1,2.4,2040
5597,N67890,20230728,Z1,3.79,3221
5598,N12345,20230623,Z2,7.79,6621
5599,N555CC,20230324,Z3,6.95,5907
5600,N999XX,20230731,Z2,10.48,8908
5601,N999XX,20240308,Z2,7.86,6681
5602,N67890,20230602,Z2,12.0,10200
5603,N555CC,20230214,Z1,10.3,8755
5604,N222RR,20240411,Z2,4.05,3442
5605,N222RR,20230816,Z1,10.21,8678
5606,N555CC,20230902,Z2,4.65,3952
5607,N222RR,20230529,Z1,9.77,8304
5608,N67890,20240228,Z2,6.28,5338
5609,N999XX,20240124,Z4,5.36,4556
5610,N555CC,20240225,Z2,8.03,6825
5611,N67890,20230814,Z2,1.33,1130
5612,N222RR,20240411,Z1,10.31,8763
5613,N222RR,20230518,Z3,4.82,4097
5614,N67890,20231014,Z2,11.5,9775
5615,N999XX,20230116,Z3,4.05,3442
5616,N67890,20230309,Z1,5.83,4955
5617,N999XX,20230223,Z1,3.58,3043
5618,N222RR,20230730,Z3,10.53,8950
5619,N222RR,20230610,Z2,3.09,2626
5620,N999XX,20240316,Z4,11.0,9350
5621,N222RR,20240302,Z4,11.47,9749
5622,N12345,20230816,Z2,8.78,7462
5623,N67890,20231203,Z3,10.28,8738
5624,N555CC,20240217,Z1,7.06,6001
5625,N222RR,20230621,Z3,3.27,2779
5626,N999XX,20240328,Z3,9.57,8134
5627,N555CC,20230601,Z4,3.14,2669
5628,N67890,20230524,Z1,5.03,4275
5629,N12345,20230221,Z3,10.59,9001
5630,N67890,20230128,Z3,6.58,5593
5631,N222RR,20230418,Z3,4.8,4080
5632,N67890,20230706,Z2,4.1,3484
5633,N999XX,20230204,Z1,8.7,7394
5634,N12345,20240121,Z3,11.54,9809
5635,N555CC,20230927,Z1,4.55,3867
5636,N555CC,20240307,Z4,6.59,5601
5637,N67890,20231016,Z4,11.08,9418
5638,N222RR,20231229,Z4,5.06,4301
5639,N67890,20230104,Z1,5.21,4428
5640,N222RR,20230808,Z1,3.03,2575
5641,N67890,20230908,Z1,6.2,5270
5642,N555CC,20230327,Z3,11.03,9375
5643,N12345,20231128,Z2,7.91,6723
5644,N999XX,20230123,Z3,4.75,4037
5645,N222RR,20240216,Z4,2.85,2422
5646,N555CC,20230915,Z4,10.0,8500
5647,N555CC,20230528,Z3,2.13,1810
5648,N222RR,20231024,Z3,3.79,3221
5649,N555CC,20240309,Z3,3.04,2584
5650,N12345,20230812,Z3,1.64,1394
5651,N12345,20230708,Z3,5.03,4275
5652,N555CC,20230815,Z3,3.48,2958
5653,N222RR,20230604,Z3,2.41,2048
5654,N222RR,20230414,Z3,6.67,5669
5655,N12345,20230213,Z4,4.34,3689
5656,N555CC,20230621,Z4,5.36,4556
5657,N67890,20230312,Z1,9.08,7718
5658,N67890,20240411,Z4,9.04,7683
5659,N12345,20230127,Z1,2.38,2023
5660,N67890,20230122,Z4,11.79,10021
5661,N67890,20230807,Z1,5.46,4641
5662,N67890,20240203,Z4,9.26,7871
5663,N67890,20230724,Z2,3.98,3383
5664,N12345,20230413,Z1,9.46,8041
5665,N999XX,20240428,Z4,3.82,3247
5666,N222RR,20230516,Z3,11.15,9477
5667,N999XX,20230716,Z2,1.44,1224
5668,N999XX,20230416,Z4,9.76,8296
5669,N555CC,20230530,Z4,2.47,2099
5670,N67890,20230221,Z4,7.53,6400
5671,N222RR,20240218,Z4,11.4,9690
5672,N222RR,20231016,Z4,3.49,2966
5673,N222RR,20231117,Z3,5.39,4581
5674,N67890,20230301,Z2,1.87,1589
5675,N222RR,20230105,Z2,7.72,6562
5676,N999XX,20230507,Z4,5.48,4658
5677,N12345,20240217,Z1,2.57,2184
5678,N555CC,20231214,Z2,8.57,7284
5679,N555CC,20240322,Z3,6.88,5848
5680,N67890,20230529,Z2,11.93,10140
5681,N999XX,20231213,Z2,11.17,9494
5682,N222RR,20230719,Z2,11.17,9494
5683,N555CC,20230511,Z2,2.48,2108
5684,N67890,20230405,Z4,5.54,4709
5685,N12345,20240129,Z3,5.15,4377
5686,N12345,20230925,Z1,8.14,6919
5687,N222RR,20230527,Z4,2.95,2507
5688,N555CC,20230130,Z3,4.41,3748
5689,N999XX,20230128,Z4,10.33,8780
5690,N222RR,20240101,Z2,11.81,10038
5691,N67890,20230806,Z4,7.85,6672
5692,N222RR,20231017,Z2,6.65,5652
5693,N67890,20231227,Z2,4.21,3578
5694,N12345,20230227,Z1,10.78,9163
5695,N222RR,20230922,Z1,1.35,1147
5696,N999XX,20231119,Z3,3.99,3391
5697,N555CC,20230331,Z3,8.47,7199
5698,N12345,20231030,Z1,8.4,7140
5699,N12345,20231211,Z3,1.02,867
5700,N67890,20230601,Z4,9.62,8176
5701,N999XX,20230921,Z3,2.98,2533
5702,N999XX,20240109,Z3,6.51,5533
5703,N67890,20230524,Z3,9.72,8262
5704,N67890,20230818,Z2,5.79,4921
5705,N999XX,20230127,Z4,8.99,7641
5706,N67890,20230311,Z1,1.07,909
5707,N999XX,20240127,Z3,9.5,8075
5708,N12345,20230219,Z1,3.2,2720
5709,N67890,20230902,Z4,9.62,8176
5710,N555CC,20230819,Z4,7.49,6366
5711,N555CC,20231121,Z3,5.29,4496
5712,N222RR,20231219,Z3,2.56,2176
5713,N555CC,20231114,Z1,3.13,2660
5714,N222RR,20230627,Z4,9.61,8168
5715,N999XX,20231002,Z2,2.91,2473
5716,N555CC,20230626,Z4,2.66,2261
5717,N999XX,20230411,Z4,7.78,6613
5718,N67890,20240319,Z3,3.72,3162
5719,N999XX,20230129,Z4,4.9,4165
5720,N999XX,20230518,Z4,2.24,1904
5721,N67890,20240219,Z3,4.24,3604
5722,N222RR,20231115,Z1,8.69,7386
5723,N222RR,20230412,Z4,1.91,1623
5724,N555CC,20230602,Z2,3.92,3332
5725,N67890,20230716,Z1,10.55,8967
5726,N12345,20230314,Z1,11.96,10166
5727,N12345,20230415,Z1,11.27,9579
5728,N67890,20230912,Z2,7.56,6426
5729,N555CC,20230428,Z2,11.34,9639
5730,N67890,20230310,Z1,9.37,7964
5731,N555CC,20240402,Z1,7.99,6791
5732,N12345,20230907,Z3,3.5,2975
5733,N555CC,20230525,Z3,6.08,5168
5734,N555CC,20230213,Z3,1.75,1487
5735,N555CC,20240223,Z2,11.05,9392
5736,N12345,20230618,Z1,2.98,2533
5737,N67890,20230816,Z4,8.93,7590
5738,N12345,20230606,Z3,6.82,5797
5739,N999XX,20230402,Z2,9.15,7777
5740,N12345,20231124,Z2,10.04,8534
5741,N67890,20230821,Z3,7.07,6009
5742,N12345,20230728,Z1,11.11,9443
5743,N12345,20230206,Z3,9.16,7786
5744,N999XX,20240123,Z2,1.23,1045
5745,N999XX,20230717,Z3,3.51,2983
5746,N222RR,20231103,Z1,11.74,9979
5747,N999XX,20231025,Z1,2.24,1904
5748,N67890,20240101,Z2,4.05,3442
5749,N999XX,20231102,Z4,1.39,1181
5750,N999XX,20240217,Z4,6.73,5720
5751,N555CC,20240419,Z4,1.6,1360
5752,N999XX,20230618,Z1,10.34,8789
5753,N999XX,20230714,Z2,5.58,4743
5754,N999XX,20231104,Z3,1.21,1028
5755,N555CC,20230315,Z3,11.71,9953
5756,N222RR,20240203,Z1,7.91,6723
5757,N999XX,20230718,Z4,7.3,6205
5758,N67890,20240124,Z4,9.35,7947
5759,N222RR,20231231,Z3,9.25,7862
5760,N12345,20240116,Z2,9.9,8415
5761,N67890,20230621,Z1,4.94,4199
5762,N67890,20231003,Z1,5.76,4896
5763,N555CC,20240425,Z2,8.14,6919
5764,N999XX,20240410,Z4,9.18,7803
5765,N222RR,20231120,Z4,11.96,10166
5766,N555CC,20230930,Z1,6.87,5839
5767,N222RR,20231012,Z4,2.36,2006
5768,N222RR,20240429,Z1,4.54,3859
5769,N67890,20230514,Z3,4.75,4037
5770,N67890,20240301,Z2,4.69,3986
5771,N222RR,20230331,Z3,7.57,6434
5772,N999XX,20231101,Z1,2.97,2524
5773,N67890,20240214,Z1,6.64,5644
5774,N222RR,20230724,Z1,10.56,8976
5775,N999XX,20230813,Z3,4.26,3621
5776,N222RR,20231130,Z2,1.72,1462
5777,N12345,20240215,Z2,9.47,8049
5778,N999XX,20240302,Z4,4.33,3680
5779,N222RR,20240305,Z1,4.47,3799
5780,N67890,20231202,Z3,1.92,1632
5781,N12345,20230421,Z2,8.93,7590
5782,N222RR,20240320,Z4,9.58,8143
5783,N12345,20240307,Z1,8.67,7369
5784,N12345,20240423,Z2,11.68,9928
5785,N12345,20240107,Z3,4.86,4131
5786,N67890,20230117,Z2,4.86,4131
5787,N12345,20231124,Z2,10.94,9299
5788,N67890,20231215,Z2,3.96,3366
5789,N999XX,20240328,Z4,5.03,4275
5790,N222RR,20230807,Z3,5.2,4420
5791,N67890,20230502,Z1,2.12,1802
5792,N12345,20231005,Z2,1.39,1181
5793,N12345,20230908,Z3,1.67,1419
5794,N999XX,20230228,Z1,1.55,1317
5795,N67890,20240501,Z4,9.73,8270
5796,N12345,20240105,Z3,2.41,2048
5797,N67890,20230103,Z3,8.13,6910
5798,N67890,20240217,Z1,8.08,6868
5799,N67890,20230627,Z2,1.1,935
5800,N555CC,20230108,Z2,5.39,4581
5801,N999XX,20240127,Z2,9.17,7794
5802,N222RR,20240214,Z2,9.42,8007
5803,N222RR,20230215,Z1,3.12,2652
5804,N12345,20230812,Z2,2.67,2269
5805,N67890,20240401,Z3,1.09,926
5806,N12345,20240428,Z1,5.97,5074
5807,N555CC,20240123,Z2,3.54,3009
5808,N999XX,20230527,Z1,10.7,9095
5809,N67890,20231112,Z4,10.06,8551
5810,N999XX,20230412,Z3,8.63,7335
5811,N222RR,20230611,Z1,6.14,5219
5812,N12345,20240118,Z4,4.51,3833
5813,N67890,20240227,Z2,5.19,4411
5814,N12345,20240327,Z3,3.27,2779
5815,N67890,20230719,Z1,9.43,8015
5816,N555CC,20230412,Z2,1.43,1215
5817,N222RR,20230116,Z3,3.28,2788
5818,N222RR,20231228,Z4,8.21,6978
5819,N67890,20230104,Z3,4.44,3774
5820,N12345,20230910,Z4,7.08,6018
5821,N12345,20230307,Z4,4.55,3867
5822,N12345,20230427,Z1,8.38,7123
5823,N222RR,20230228,Z1,2.25,1912
5824,N999XX,20230403,Z4,3.13,2660
5825,N67890,20231211,Z1,7.08,6018
5826,N67890,20240121,Z3,9.35,7947
5827,N999XX,20230730,Z2,7.09,6026
5828,N222RR,20230812,Z2,1.15,977
5829,N12345,20230131,Z4,8.97,7624
5830,N222RR,20240425,Z2,5.6,4760
5831,N12345,20231218,Z4,10.37,8814
5832,N67890,20240119,Z3,2.19,1861
5833,N999XX,20230218,Z4,1.79,1521
5834,N12345,20240323,Z4,4.02,3416
5835,N12345,20230507,Z3,10.17,8644
5836,N67890,20240404,Z4,4.43,3765
5837,N555CC,20230311,Z3,8.47,7199
5838,N222RR,20230418,Z2,1.95,1657
5839,N12345,20230616,Z4,6.86,5831
5840,N222RR,20240416,Z2,7.2,6120
5841,N12345,20230101,Z1,10.47,8899
5842,N67890,20230220,Z1,8.13,6910
5843,N999XX,20230302,Z3,11.55,9817
5844,N999XX,20231019,Z1,8.16,6936
5845,N555CC,20230426,Z4,5.61,4768
5846,N222RR,20230414,Z1,3.64,3094
5847,N12345,20230824,Z4,4.78,4063
5848,N555CC,20240106,Z2,11.56,9826
5849,N555CC,20240107,Z1,7.3,6205
5850,N555CC,20230516,Z3,7.25,6162
5851,N999XX,20230502,Z1,6.43,5465
5852,N555CC,20230109,Z2,11.82,10047
5853,N67890,20231206,Z2,1.57,1334
5854,N555CC,20230408,Z4,7.18,6103
5855,N555CC,20230619,Z4,9.04,7683
5856,N555CC,20230722,Z3,5.72,4862
5857,N12345,20240115,Z1,4.79,4071
5858,N999XX,20230223,Z1,3.27,2779
5859,N12345,20231009,Z1,11.34,9639
5860,N222RR,20240306,Z2,3.36,2856
5861,N555CC,20230130,Z1,8.31,7063
5862,N999XX,20240331,Z4,4.66,3961
5863,N555CC,20230313,Z3,3.59,3051
5864,N67890,20230727,Z2,9.98,8483
5865,N222RR,20230121,Z1,10.42,8857
5866,N12345,20240424,Z3,3.28,2788
5867,N999XX,20230520,Z4,8.4,7140
5868,N67890,20230620,Z2,3.95,3357
5869,N999XX,20230512,Z1,7.5,6375
5870,N67890,20230617,Z4,4.53,3850
5871,N67890,20230408,Z2,6.63,5635
5872,N555CC,20230923,Z4,12.0,10200
5873,N555CC,20240402,Z3,1.9,1615
5874,N999XX,20240412,Z3,11.23,9545
5875,N12345,20240430,Z3,3.73,3170
5876,N555CC,20240128,Z2,6.74,5729
5877,N67890,20240123,Z1,5.64,4794
5878,N999XX,20230710,Z4,8.57,7284
5879,N12345,20240321,Z4,2.17,1844
5880,N12345,20230516,Z3,10.8,9180
5881,N222RR,20240319,Z2,2.53,2150
5882,N555CC,20240304,Z1,6.94,5899
5883,N12345,20230511,Z3,2.76,2346
5884,N222RR,20230825,Z2,9.22,7837
5885,N555CC,20230919,Z1,3.7,3145
5886,N12345,20240428,Z3,10.84,9214
5887,N12345,20231230,Z1,8.98,7633
5888,N67890,20230824,Z4,7.71,6553
5889,N67890,20230522,Z4,7.26,6171
5890,N999XX,20230202,Z1,10.45,8882
5891,N67890,20240414,Z4,1.55,1317
5892,N999XX,20230428,Z4,11.13,9460
5893,N222RR,20230901,Z3,7.79,6621
5894,N555CC,20230602,Z4,6.72,5712
5895,N67890,20240101,Z3,7.58,6443
5896,N222RR,20240401,Z1,3.24,2754
5897,N555CC,20230221,Z1,3.32,2822
5898,N12345,20230627,Z1,5.09,4326
5899,N555CC,20231129,Z1,9.56,8126
5900,N67890,20230224,Z4,4.39,3731
5901,N12345,20231113,Z4,3.1,2635
5902,N67890,20231115,Z1,8.84,7514
5903,N999XX,20230609,Z1,11.06,9401
5904,N222RR,20230223,Z3,3.29,2796
5905,N67890,20231025,Z3,5.55,4717
5906,N999XX,20231224,Z3,9.34,7939
5907,N555CC,20230718,Z1,6.99,5941
5908,N222RR,20240308,Z3,2.63,2235
5909,N67890,20231112,Z3,1.43,1215
5910,N12345,20240430,Z4,2.99,2541
5911,N555CC,20230712,Z3,9.18,7803
5912,N555CC,20230930,Z1,8.6,7310
5913,N555CC,20230110,Z1,9.68,8228
5914,N555CC,20240414,Z1,1.27,1079
5915,N67890,20230911,Z2,8.7,7394
5916,N12345,20230629,Z2,1.11,943
5917,N999XX,20230806,Z1,10.76,9146
5918,N12345,20230210,Z3,1.01,858
5919,N67890,20230216,Z1,3.51,2983
5920,N555CC,20231116,Z2,11.12,9452
5921,N12345,20240225,Z2,2.68,2278
5922,N12345,20230506,Z1,11.74,9979
5923,N67890,20230603,Z4,3.24,2754
5924,N12345,20230329,Z1,8.19,6961
5925,N12345,20231229,Z2,3.62,3077
5926,N555CC,20230111,Z1,4.14,3518
5927,N555CC,20240424,Z2,8.94,7599
5928,N999XX,20240317,Z1,10.55,8967
5929,N12345,20240409,Z4,1.59,1351
5930,N555CC,20240220,Z4,9.43,8015
5931,N67890,20231029,Z4,1.07,909
5932,N999XX,20240112,Z2,9.79,8321
5933,N12345,20231117,Z2,11.89,10106
5934,N222RR,20230328,Z1,1.72,1462
5935,N555CC,20230415,Z2,11.62,9877
5936,N67890,20240207,Z2,5.83,4955
5937,N999XX,20230118,Z4,5.07,4309
5938,N999XX,20240313,Z4,10.08,8568
5939,N12345,20230319,Z4,2.17,1844
5940,N555CC,20230329,Z2,3.81,3238
5941,N12345,20230512,Z1,1.49,1266
5942,N999XX,20230920,Z2,10.92,9282
5943,N222RR,20231015,Z2,5.32,4522
5944,N555CC,20230401,Z2,5.32,4522
5945,N555CC,20240228,Z3,8.11,6893
5946,N222RR,20230304,Z1,2.13,1810
5947,N222RR,20230528,Z1,6.39,5431
5948,N12345,20240328,Z3,8.75,7437
5949,N999XX,20230501,Z3,5.12,4352
5950,N12345,20231029,Z2,5.33,4530
5951,N555CC,20231209,Z1,8.54,7258
5952,N67890,20231220,Z2,2.02,1717
5953,N999XX,20230516,Z1,5.48,4658
5954,N999XX,20240412,Z2,1.73,1470
5955,N67890,20230417,Z4,7.96,6766
5956,N555CC,20230822,Z2,2.25,1912
5957,N999XX,20240410,Z2,8.0,6800
5958,N12345,20230508,Z1,2.57,2184
5959,N222RR,20240110,Z4,2.87,2439
5960,N555CC,20231124,Z2,3.35,2847
5961,N67890,20240306,Z3,11.56,9826
5962,N67890,20240126,Z3,1.18,1003
5963,N555CC,20231216,Z3,11.79,10021
5964,N67890,20230607,Z2,11.32,9622
5965,N67890,20230226,Z4,3.93,3340
5966,N555CC,20240120,Z1,1.59,1351
5967,N67890,20230427,Z4,8.5,7225
5968,N222RR,20230326,Z1,6.73,5720
5969,N222RR,20240224,Z4,7.66,6511
5970,N222RR,20240318,Z4,6.19,5261
5971,N67890,20240418,Z1,4.53,3850
5972,N12345,20230624,Z3,4.06,3450
5973,N12345,20231025,Z2,2.86,2431
5974,N222RR,20230512,Z4,2.4,2040
5975,N555CC,20230312,Z4,11.42,9707
5976,N555CC,20230713,Z1,4.67,3969
5977,N555CC,20240315,Z3,8.48,7208
5978,N222RR,20240421,Z2,2.35,1997
5979,N999XX,20230506,Z1,6.12,5202
5980,N12345,20230908,Z2,11.28,9588
5981,N555CC,20240416,Z3,8.58,7293
5982,N12345,20240110,Z1,3.75,3187
5983,N999XX,20230810,Z1,2.15,1827
5984,N999XX,20240118,Z1,8.74,7429
5985,N222RR,20230730,Z2,11.77,10004
5986,N12345,20240421,Z3,9.36,7955
5987,N555CC,20230228,Z1,8.62,7326
5988,N12345,20240229,Z4,7.81,6638
5989,N67890,20231231,Z3,1.81,1538
5990,N67890,20230111,Z1,2.19,1861
5991,N67890,20230915,Z2,3.34,2839
5992,N222RR,20240331,Z1,1.5,1275
5993,N67890,20230209,Z1,4.04,3434
5994,N999XX,20230404,Z3,2.28,1937
5995,N67890,20230113,Z2,10.73,9120
5996,N12345,20240401,Z4,4.46,3791
5997,N222RR,20240118,Z2,2.12,1802
5998,N222RR,20230427,Z2,3.48,2958
5999,N555CC,20231015,Z1,8.55,7267
6000,N222RR,20230523,Z1,1.39,1181
